candidat,parti,candidat_presidentielle,retrait_candidature,nombre_mentions,mention_1,mention_2,mention_3,mention_4,mention_5,mention_6,mention_7,intention_mention_1,intention_mention_2,intention_mention_3,intention_mention_4,intention_mention_5,intention_mention_6,intention_mention_7,id,nom_institut,commanditaire,debut_enquete,fin_enquete,echantillon,population,hypothese
Valérie Pécresse,Les Républicains,True,nan,7,Excellent,Très bien,Bien,Assez bien,Passable,Insuffisant,A rejeter,4,10,15,17,17,13,24,20211208_1209_ow,Opinion Way,Mieux voter,2021-12-08,2021-12-09,960,Inscrit sur les listes électorales,scrutin jugement majoritaire
Emmanuel Macron,LRM,True,nan,7,Excellent,Très bien,Bien,Assez bien,Passable,Insuffisant,A rejeter,7,12,14,10,14,11,32,20211208_1209_ow,Opinion Way,Mieux voter,2021-12-08,2021-12-09,960,Inscrit sur les listes électorales,scrutin jugement majoritaire
Arnaud Montebourg,,True,2022-01-19,7,Excellent,Très bien,Bien,Assez bien,Passable,Insuffisant,A rejeter,1,2,7,11,20,26,33,20211208_1209_ow,Opinion Way,Mieux voter,2021-12-08,2021-12-09,960,Inscrit sur les listes électorales,scrutin jugement majoritaire
Yannick Jadot,EE-LV,True,nan,7,Excellent,Très bien,Bien,Assez bien,Passable,Insuffisant,A rejeter,1,4,7,11,17,24,36,20211208_1209_ow,Opinion Way,Mieux voter,2021-12-08,2021-12-09,960,Inscrit sur les listes électorales,scrutin jugement majoritaire
Anne Hidalgo,Parti socialiste,True,nan,7,Excellent,Très bien,Bien,Assez bien,Passable,Insuffisant,A rejeter,1,3,7,9,17,20,43,20211208_1209_ow,Opinion Way,Mieux voter,2021-12-08,2021-12-09,960,Inscrit sur les listes électorales,scrutin jugement majoritaire
Fabien Roussel,Parti communiste,True,nan,7,Excellent,Très bien,Bien,Assez bien,Passable,Insuffisant,A rejeter,1,2,3,7,16,28,43,20211208_1209_ow,Opinion Way,Mieux voter,2021-12-08,2021-12-09,960,Inscrit sur les listes électorales,scrutin jugement majoritaire
Nicolas Dupont-Aignan,Debout la France,True,nan,7,Excellent,Très bien,Bien,Assez bien,Passable,Insuffisant,A rejeter,2,3,6,9,15,20,45,20211208_1209_ow,Opinion Way,Mieux voter,2021-12-08,2021-12-09,960,Inscrit sur les listes électorales,scrutin jugement majoritaire
Marine Le Pen,Rassemblement national,True,nan,7,Excellent,Très bien,Bien,Assez bien,Passable,Insuffisant,A rejeter,8,9,9,8,10,9,47,20211208_1209_ow,Opinion Way,Mieux voter,2021-12-08,2021-12-09,960,Inscrit sur les listes électorales,scrutin jugement majoritaire
Christiane Taubira,Walwari,True,nan,7,Excellent,Très bien,Bien,Assez bien,Passable,Insuffisant,A rejeter,3,3,7,10,12,17,48,20211208_1209_ow,Opinion Way,Mieux voter,2021-12-08,2021-12-09,960,Inscrit sur les listes électorales,scrutin jugement majoritaire
Nathalie Arthaud,Lutte ouvrière,True,nan,7,Excellent,Très bien,Bien,Assez bien,Passable,Insuffisant,A rejeter,0,1,3,7,16,24,49,20211208_1209_ow,Opinion Way,Mieux voter,2021-12-08,2021-12-09,960,Inscrit sur les listes électorales,scrutin jugement majoritaire
Philippe Poutou,NPA,True,nan,7,Excellent,Très bien,Bien,Assez bien,Passable,Insuffisant,A rejeter,1,2,4,6,12,23,52,20211208_1209_ow,Opinion Way,Mieux voter,2021-12-08,2021-12-09,960,Inscrit sur les listes électorales,scrutin jugement majoritaire
Jean-Luc Mélenchon,France insoumise,True,nan,7,Excellent,Très bien,Bien,Assez bien,Passable,Insuffisant,A rejeter,4,3,7,7,12,14,53,20211208_1209_ow,Opinion Way,Mieux voter,2021-12-08,2021-12-09,960,Inscrit sur les listes électorales,scrutin jugement majoritaire
Eric Zemmour,Reconquête,True,nan,7,Excellent,Très bien,Bien,Assez bien,Passable,Insuffisant,A rejeter,6,7,6,6,7,7,61,20211208_1209_ow,Opinion Way,Mieux voter,2021-12-08,2021-12-09,960,Inscrit sur les listes électorales,scrutin jugement majoritaire
Emmanuel Macron,LRM,True,nan,5,positive,plutot positive,plutot negative,negative,sans opinion,nan,nan,9,26,25,35,5,0,0,20220131_0202_elb,ELABE,"Les Echos, Radio Classique",2022-01-31,2022-02-02,1482,Representatif de la population française de 18 et plus,faite-vous confiance
Valérie Pécresse,Les Républicains,True,nan,5,positive,plutot positive,plutot negative,negative,sans opinion,nan,nan,9,24,25,22,20,0,0,20220131_0202_elb,ELABE,"Les Echos, Radio Classique",2022-01-31,2022-02-02,1482,Representatif de la population française de 18 et plus,Image positive de la personnalité
Marine Le Pen,Rassemblement national,True,nan,5,positive,plutot positive,plutot negative,negative,sans opinion,nan,nan,12,21,16,39,12,0,0,20220131_0202_elb,ELABE,"Les Echos, Radio Classique",2022-01-31,2022-02-02,1482,Representatif de la population française de 18 et plus,Image positive de la personnalité
Anne Hidalgo,Parti socialiste,True,nan,5,positive,plutot positive,plutot negative,negative,sans opinion,nan,nan,2,12,23,42,21,0,0,20220131_0202_elb,ELABE,"Les Echos, Radio Classique",2022-01-31,2022-02-02,1482,Representatif de la population française de 18 et plus,Image positive de la personnalité
Eric Zemmour,Reconquête,True,nan,5,positive,plutot positive,plutot negative,negative,sans opinion,nan,nan,10,13,12,52,13,0,0,20220131_0202_elb,ELABE,"Les Echos, Radio Classique",2022-01-31,2022-02-02,1482,Representatif de la population française de 18 et plus,Image positive de la personnalité
Jean-Luc Mélenchon,France insoumise,True,nan,5,positive,plutot positive,plutot negative,negative,sans opinion,nan,nan,6,18,22,40,14,0,0,20220131_0202_elb,ELABE,"Les Echos, Radio Classique",2022-01-31,2022-02-02,1482,Representatif de la population française de 18 et plus,Image positive de la personnalité
Nicolas Dupont-Aignan,Debout la France,True,nan,5,positive,plutot positive,plutot negative,negative,sans opinion,nan,nan,3,16,21,33,27,0,0,20220131_0202_elb,ELABE,"Les Echos, Radio Classique",2022-01-31,2022-02-02,1482,Representatif de la population française de 18 et plus,Image positive de la personnalité
Yannick Jadot,EE-LV,True,nan,5,positive,plutot positive,plutot negative,negative,sans opinion,nan,nan,4,19,20,23,34,0,0,20220131_0202_elb,ELABE,"Les Echos, Radio Classique",2022-01-31,2022-02-02,1482,Representatif de la population française de 18 et plus,Image positive de la personnalité
Christiane Taubira,Walwari,True,nan,5,positive,plutot positive,plutot negative,negative,sans opinion,nan,nan,5,19,18,38,20,0,0,20220131_0202_elb,ELABE,"Les Echos, Radio Classique",2022-01-31,2022-02-02,1482,Representatif de la population française de 18 et plus,Image positive de la personnalité
Philippe Poutou,NPA,True,nan,5,positive,plutot positive,plutot negative,negative,sans opinion,nan,nan,4,16,18,27,35,0,0,20220131_0202_elb,ELABE,"Les Echos, Radio Classique",2022-01-31,2022-02-02,1482,Representatif de la population française de 18 et plus,Image positive de la personnalité
Fabien Roussel,Parti communiste,True,nan,5,positive,plutot positive,plutot negative,negative,sans opinion,nan,nan,3,15,15,19,48,0,0,20220131_0202_elb,ELABE,"Les Echos, Radio Classique",2022-01-31,2022-02-02,1482,Representatif de la population française de 18 et plus,Image positive de la personnalité
Emmanuel Macron,LRM,True,nan,5,positive,plutot positive,plutot negative,negative,sans opinion,nan,nan,6,26,26,37,5,0,0,20220110_0111_elb,ELABE,"Les Echos, Radio Classique",2022-01-10,2022-01-11,1465,Representatif de la population française de 18 et plus,faite-vous confiance
Valérie Pécresse,Les Républicains,True,nan,5,positive,plutot positive,plutot negative,negative,sans opinion,nan,nan,7,24,23,25,21,0,0,20220110_0111_elb,ELABE,"Les Echos, Radio Classique",2022-01-10,2022-01-11,1465,Representatif de la population française de 18 et plus,Image positive de la personnalité
Marine Le Pen,Rassemblement national,True,nan,5,positive,plutot positive,plutot negative,negative,sans opinion,nan,nan,10,21,18,41,10,0,0,20220110_0111_elb,ELABE,"Les Echos, Radio Classique",2022-01-10,2022-01-11,1465,Representatif de la population française de 18 et plus,Image positive de la personnalité
Anne Hidalgo,Parti socialiste,True,nan,5,positive,plutot positive,plutot negative,negative,sans opinion,nan,nan,1,14,23,42,20,0,0,20220110_0111_elb,ELABE,"Les Echos, Radio Classique",2022-01-10,2022-01-11,1465,Representatif de la population française de 18 et plus,Image positive de la personnalité
Eric Zemmour,Reconquête,True,nan,5,positive,plutot positive,plutot negative,negative,sans opinion,nan,nan,8,13,14,53,12,0,0,20220110_0111_elb,ELABE,"Les Echos, Radio Classique",2022-01-10,2022-01-11,1465,Representatif de la population française de 18 et plus,Image positive de la personnalité
Jean-Luc Mélenchon,France insoumise,True,nan,5,positive,plutot positive,plutot negative,negative,sans opinion,nan,nan,5,17,23,40,15,0,0,20220110_0111_elb,ELABE,"Les Echos, Radio Classique",2022-01-10,2022-01-11,1465,Representatif de la population française de 18 et plus,Image positive de la personnalité
Arnaud Montebourg,,True,2022-01-19,5,positive,plutot positive,plutot negative,negative,sans opinion,nan,nan,1,16,27,24,32,0,0,20220110_0111_elb,ELABE,"Les Echos, Radio Classique",2022-01-10,2022-01-11,1465,Representatif de la population française de 18 et plus,Image positive de la personnalité
Nicolas Dupont-Aignan,Debout la France,True,nan,5,positive,plutot positive,plutot negative,negative,sans opinion,nan,nan,3,16,20,36,25,0,0,20220110_0111_elb,ELABE,"Les Echos, Radio Classique",2022-01-10,2022-01-11,1465,Representatif de la population française de 18 et plus,Image positive de la personnalité
Yannick Jadot,EE-LV,True,nan,5,positive,plutot positive,plutot negative,negative,sans opinion,nan,nan,4,16,20,24,36,0,0,20220110_0111_elb,ELABE,"Les Echos, Radio Classique",2022-01-10,2022-01-11,1465,Representatif de la population française de 18 et plus,Image positive de la personnalité
Christiane Taubira,Walwari,True,nan,5,positive,plutot positive,plutot negative,negative,sans opinion,nan,nan,5,17,18,39,21,0,0,20220110_0111_elb,ELABE,"Les Echos, Radio Classique",2022-01-10,2022-01-11,1465,Representatif de la population française de 18 et plus,Image positive de la personnalité
Philippe Poutou,NPA,True,nan,5,positive,plutot positive,plutot negative,negative,sans opinion,nan,nan,3,14,17,30,36,0,0,20220110_0111_elb,ELABE,"Les Echos, Radio Classique",2022-01-10,2022-01-11,1465,Representatif de la population française de 18 et plus,Image positive de la personnalité
Fabien Roussel,Parti communiste,True,nan,5,positive,plutot positive,plutot negative,negative,sans opinion,nan,nan,1,11,18,20,50,0,0,20220110_0111_elb,ELABE,"Les Echos, Radio Classique",2022-01-10,2022-01-11,1465,Representatif de la population française de 18 et plus,Image positive de la personnalité
Emmanuel Macron,LRM,True,nan,5,positive,plutot positive,plutot negative,negative,sans opinion,nan,nan,8,28,26,32,6,0,0,20211206_1207_elb,ELABE,"Les Echos, Radio Classique",2021-12-06,2021-12-07,1480,Representatif de la population française de 18 et plus,faite-vous confiance
Valérie Pécresse,Les Républicains,True,nan,5,positive,plutot positive,plutot negative,negative,sans opinion,nan,nan,9,27,19,19,26,0,0,20211206_1207_elb,ELABE,"Les Echos, Radio Classique",2021-12-06,2021-12-07,1480,Representatif de la population française de 18 et plus,Image positive de la personnalité
Marine Le Pen,Rassemblement national,True,nan,5,positive,plutot positive,plutot negative,negative,sans opinion,nan,nan,10,20,17,39,14,0,0,20211206_1207_elb,ELABE,"Les Echos, Radio Classique",2021-12-06,2021-12-07,1480,Representatif de la population française de 18 et plus,Image positive de la personnalité
Anne Hidalgo,Parti socialiste,True,nan,5,positive,plutot positive,plutot negative,negative,sans opinion,nan,nan,2,15,22,37,24,0,0,20211206_1207_elb,ELABE,"Les Echos, Radio Classique",2021-12-06,2021-12-07,1480,Representatif de la population française de 18 et plus,Image positive de la personnalité
Eric Zemmour,Reconquête,True,nan,5,positive,plutot positive,plutot negative,negative,sans opinion,nan,nan,9,14,11,53,13,0,0,20211206_1207_elb,ELABE,"Les Echos, Radio Classique",2021-12-06,2021-12-07,1480,Representatif de la population française de 18 et plus,Image positive de la personnalité
Jean-Luc Mélenchon,France insoumise,True,nan,5,positive,plutot positive,plutot negative,negative,sans opinion,nan,nan,5,16,21,41,17,0,0,20211206_1207_elb,ELABE,"Les Echos, Radio Classique",2021-12-06,2021-12-07,1480,Representatif de la population française de 18 et plus,Image positive de la personnalité
Arnaud Montebourg,,True,2022-01-19,5,positive,plutot positive,plutot negative,negative,sans opinion,nan,nan,2,18,24,21,35,0,0,20211206_1207_elb,ELABE,"Les Echos, Radio Classique",2021-12-06,2021-12-07,1480,Representatif de la population française de 18 et plus,Image positive de la personnalité
Nicolas Dupont-Aignan,Debout la France,True,nan,5,positive,plutot positive,plutot negative,negative,sans opinion,nan,nan,2,16,21,33,28,0,0,20211206_1207_elb,ELABE,"Les Echos, Radio Classique",2021-12-06,2021-12-07,1480,Representatif de la population française de 18 et plus,Image positive de la personnalité
Yannick Jadot,EE-LV,True,nan,5,positive,plutot positive,plutot negative,negative,sans opinion,nan,nan,3,16,20,23,38,0,0,20211206_1207_elb,ELABE,"Les Echos, Radio Classique",2021-12-06,2021-12-07,1480,Representatif de la population française de 18 et plus,Image positive de la personnalité
Fabien Roussel,Parti communiste,True,nan,5,positive,plutot positive,plutot negative,negative,sans opinion,nan,nan,1,10,16,18,55,0,0,20211206_1207_elb,ELABE,"Les Echos, Radio Classique",2021-12-06,2021-12-07,1480,Representatif de la population française de 18 et plus,Image positive de la personnalité
Emmanuel Macron,LRM,True,nan,5,positive,plutot positive,plutot negative,negative,sans opinion,nan,nan,7,27,26,34,6,0,0,20211102_1103_elb,ELABE,"Les Echos, Radio Classique",2021-11-02,2021-11-03,1001,Representatif de la population française de 18 et plus,faite-vous confiance
Xavier Bertrand,Les Républicains,True,2021-12-04,5,positive,plutot positive,plutot negative,negative,sans opinion,nan,nan,6,22,24,21,27,0,0,20211102_1103_elb,ELABE,"Les Echos, Radio Classique",2021-11-02,2021-11-03,1001,Representatif de la population française de 18 et plus,Image positive de la personnalité
Valérie Pécresse,Les Républicains,True,nan,5,positive,plutot positive,plutot negative,negative,sans opinion,nan,nan,4,20,24,25,27,0,0,20211102_1103_elb,ELABE,"Les Echos, Radio Classique",2021-11-02,2021-11-03,1001,Representatif de la population française de 18 et plus,Image positive de la personnalité
Marine Le Pen,Rassemblement national,True,nan,5,positive,plutot positive,plutot negative,negative,sans opinion,nan,nan,7,19,16,45,13,0,0,20211102_1103_elb,ELABE,"Les Echos, Radio Classique",2021-11-02,2021-11-03,1001,Representatif de la population française de 18 et plus,Image positive de la personnalité
Michel Barnier,Les Républicains,True,2021-12-04,5,positive,plutot positive,plutot negative,negative,sans opinion,nan,nan,5,19,17,17,42,0,0,20211102_1103_elb,ELABE,"Les Echos, Radio Classique",2021-11-02,2021-11-03,1001,Representatif de la population française de 18 et plus,Image positive de la personnalité
Anne Hidalgo,Parti socialiste,True,nan,5,positive,plutot positive,plutot negative,negative,sans opinion,nan,nan,4,14,23,38,21,0,0,20211102_1103_elb,ELABE,"Les Echos, Radio Classique",2021-11-02,2021-11-03,1001,Representatif de la population française de 18 et plus,Image positive de la personnalité
Eric Zemmour,Reconquête,True,nan,5,positive,plutot positive,plutot negative,negative,sans opinion,nan,nan,8,12,13,52,15,0,0,20211102_1103_elb,ELABE,"Les Echos, Radio Classique",2021-11-02,2021-11-03,1001,Representatif de la population française de 18 et plus,Image positive de la personnalité
Jean-Luc Mélenchon,France insoumise,True,nan,5,positive,plutot positive,plutot negative,negative,sans opinion,nan,nan,5,15,19,45,16,0,0,20211102_1103_elb,ELABE,"Les Echos, Radio Classique",2021-11-02,2021-11-03,1001,Representatif de la population française de 18 et plus,Image positive de la personnalité
Arnaud Montebourg,,True,2022-01-19,5,positive,plutot positive,plutot negative,negative,sans opinion,nan,nan,2,20,26,20,32,0,0,20211102_1103_elb,ELABE,"Les Echos, Radio Classique",2021-11-02,2021-11-03,1001,Representatif de la population française de 18 et plus,Image positive de la personnalité
Nicolas Dupont-Aignan,Debout la France,True,nan,5,positive,plutot positive,plutot negative,negative,sans opinion,nan,nan,2,14,20,36,28,0,0,20211102_1103_elb,ELABE,"Les Echos, Radio Classique",2021-11-02,2021-11-03,1001,Representatif de la population française de 18 et plus,Image positive de la personnalité
Yannick Jadot,EE-LV,True,nan,5,positive,plutot positive,plutot negative,negative,sans opinion,nan,nan,4,16,18,24,38,0,0,20211102_1103_elb,ELABE,"Les Echos, Radio Classique",2021-11-02,2021-11-03,1001,Representatif de la population française de 18 et plus,Image positive de la personnalité
Florian Phillipot,,True,2022-02-18,5,positive,plutot positive,plutot negative,negative,sans opinion,nan,nan,2,9,18,41,30,0,0,20211102_1103_elb,ELABE,"Les Echos, Radio Classique",2021-11-02,2021-11-03,1001,Representatif de la population française de 18 et plus,Image positive de la personnalité
Eric Ciotti,Les Républicains,True,2021-12-04,5,positive,plutot positive,plutot negative,negative,sans opinion,nan,nan,3,11,18,27,41,0,0,20211102_1103_elb,ELABE,"Les Echos, Radio Classique",2021-11-02,2021-11-03,1001,Representatif de la population française de 18 et plus,Image positive de la personnalité
Fabien Roussel,Parti communiste,True,nan,5,positive,plutot positive,plutot negative,negative,sans opinion,nan,nan,2,7,15,20,56,0,0,20211102_1103_elb,ELABE,"Les Echos, Radio Classique",2021-11-02,2021-11-03,1001,Representatif de la population française de 18 et plus,Image positive de la personnalité
Phillipe Juvin,Les Républicains,True,2021-12-04,5,positive,plutot positive,plutot negative,negative,sans opinion,nan,nan,1,9,14,15,61,0,0,20211102_1103_elb,ELABE,"Les Echos, Radio Classique",2021-11-02,2021-11-03,1001,Representatif de la population française de 18 et plus,Image positive de la personnalité
Emmanuel Macron,LRM,True,nan,5,positive,plutot positive,plutot negative,negative,sans opinion,nan,nan,8,27,25,33,7,0,0,20211005_1006_elb,ELABE,"Les Echos, Radio Classique",2021-10-05,2021-10-06,1309,Representatif de la population française de 18 et plus,faite-vous confiance
Xavier Bertrand,Les Républicains,True,2021-12-04,5,positive,plutot positive,plutot negative,negative,sans opinion,nan,nan,6,25,21,22,26,0,0,20211005_1006_elb,ELABE,"Les Echos, Radio Classique",2021-10-05,2021-10-06,1309,Representatif de la population française de 18 et plus,Image positive de la personnalité
Valérie Pécresse,Les Républicains,True,nan,5,positive,plutot positive,plutot negative,negative,sans opinion,nan,nan,6,22,24,20,28,0,0,20211005_1006_elb,ELABE,"Les Echos, Radio Classique",2021-10-05,2021-10-06,1309,Representatif de la population française de 18 et plus,Image positive de la personnalité
Marine Le Pen,Rassemblement national,True,nan,5,positive,plutot positive,plutot negative,negative,sans opinion,nan,nan,11,17,16,45,11,0,0,20211005_1006_elb,ELABE,"Les Echos, Radio Classique",2021-10-05,2021-10-06,1309,Representatif de la population française de 18 et plus,Image positive de la personnalité
Michel Barnier,Les Républicains,True,2021-12-04,5,positive,plutot positive,plutot negative,negative,sans opinion,nan,nan,5,20,18,15,42,0,0,20211005_1006_elb,ELABE,"Les Echos, Radio Classique",2021-10-05,2021-10-06,1309,Representatif de la population française de 18 et plus,Image positive de la personnalité
Anne Hidalgo,Parti socialiste,True,nan,5,positive,plutot positive,plutot negative,negative,sans opinion,nan,nan,3,15,24,37,21,0,0,20211005_1006_elb,ELABE,"Les Echos, Radio Classique",2021-10-05,2021-10-06,1309,Representatif de la population française de 18 et plus,Image positive de la personnalité
Eric Zemmour,Reconquête,True,nan,5,positive,plutot positive,plutot negative,negative,sans opinion,nan,nan,9,16,14,45,16,0,0,20211005_1006_elb,ELABE,"Les Echos, Radio Classique",2021-10-05,2021-10-06,1309,Representatif de la population française de 18 et plus,Image positive de la personnalité
Jean-Luc Mélenchon,France insoumise,True,nan,5,positive,plutot positive,plutot negative,negative,sans opinion,nan,nan,6,15,21,43,15,0,0,20211005_1006_elb,ELABE,"Les Echos, Radio Classique",2021-10-05,2021-10-06,1309,Representatif de la population française de 18 et plus,Image positive de la personnalité
Arnaud Montebourg,,True,2022-01-19,5,positive,plutot positive,plutot negative,negative,sans opinion,nan,nan,2,20,27,21,30,0,0,20211005_1006_elb,ELABE,"Les Echos, Radio Classique",2021-10-05,2021-10-06,1309,Representatif de la population française de 18 et plus,Image positive de la personnalité
Nicolas Dupont-Aignan,Debout la France,True,nan,5,positive,plutot positive,plutot negative,negative,sans opinion,nan,nan,4,16,19,35,26,0,0,20211005_1006_elb,ELABE,"Les Echos, Radio Classique",2021-10-05,2021-10-06,1309,Representatif de la population française de 18 et plus,Image positive de la personnalité
Yannick Jadot,EE-LV,True,nan,5,positive,plutot positive,plutot negative,negative,sans opinion,nan,nan,4,18,22,21,35,0,0,20211005_1006_elb,ELABE,"Les Echos, Radio Classique",2021-10-05,2021-10-06,1309,Representatif de la population française de 18 et plus,Image positive de la personnalité
Florian Philippot,,True,2022-02-18,5,positive,plutot positive,plutot negative,negative,sans opinion,nan,nan,2,12,17,40,29,0,0,20211005_1006_elb,ELABE,"Les Echos, Radio Classique",2021-10-05,2021-10-06,1309,Representatif de la population française de 18 et plus,Image positive de la personnalité
Eric Ciotti,Les Républicains,True,2021-12-04,5,positive,plutot positive,plutot negative,negative,sans opinion,nan,nan,3,10,19,30,38,0,0,20211005_1006_elb,ELABE,"Les Echos, Radio Classique",2021-10-05,2021-10-06,1309,Representatif de la population française de 18 et plus,Image positive de la personnalité
Fabien Roussel,Parti communiste,True,nan,5,positive,plutot positive,plutot negative,negative,sans opinion,nan,nan,3,9,15,19,54,0,0,20211005_1006_elb,ELABE,"Les Echos, Radio Classique",2021-10-05,2021-10-06,1309,Representatif de la population française de 18 et plus,Image positive de la personnalité
Philippe Juvin,Les Républicains,True,2021-12-04,5,positive,plutot positive,plutot negative,negative,sans opinion,nan,nan,2,7,15,15,61,0,0,20211005_1006_elb,ELABE,"Les Echos, Radio Classique",2021-10-05,2021-10-06,1309,Representatif de la population française de 18 et plus,Image positive de la personnalité
Emmanuel Macron,LRM,True,nan,5,positive,plutot positive,plutot negative,negative,sans opinion,nan,nan,8,29,25,32,6,0,0,20210831_0901_elb,ELABE,"Les Echos, Radio Classique",2021-08-31,2021-09-01,1000,Representatif de la population française de 18 et plus,faite-vous confiance
Xavier Bertrand,Les Républicains,True,2021-12-04,5,positive,plutot positive,plutot negative,negative,sans opinion,nan,nan,6,25,22,18,29,0,0,20210831_0901_elb,ELABE,"Les Echos, Radio Classique",2021-08-31,2021-09-01,1000,Representatif de la population française de 18 et plus,Image positive de la personnalité
Valérie Pécresse,Les Républicains,True,nan,5,positive,plutot positive,plutot negative,negative,sans opinion,nan,nan,5,23,20,22,30,0,0,20210831_0901_elb,ELABE,"Les Echos, Radio Classique",2021-08-31,2021-09-01,1000,Representatif de la population française de 18 et plus,Image positive de la personnalité
Marine Le Pen,Rassemblement national,True,nan,5,positive,plutot positive,plutot negative,negative,sans opinion,nan,nan,10,16,15,46,13,0,0,20210831_0901_elb,ELABE,"Les Echos, Radio Classique",2021-08-31,2021-09-01,1000,Representatif de la population française de 18 et plus,Image positive de la personnalité
Michel Barnier,Les Républicains,True,2021-12-04,5,positive,plutot positive,plutot negative,negative,sans opinion,nan,nan,4,17,17,15,47,0,0,20210831_0901_elb,ELABE,"Les Echos, Radio Classique",2021-08-31,2021-09-01,1000,Representatif de la population française de 18 et plus,Image positive de la personnalité
Anne Hidalgo,Parti socialiste,True,nan,5,positive,plutot positive,plutot negative,negative,sans opinion,nan,nan,2,19,22,32,25,0,0,20210831_0901_elb,ELABE,"Les Echos, Radio Classique",2021-08-31,2021-09-01,1000,Representatif de la population française de 18 et plus,Image positive de la personnalité
Eric Zemmour,Reconquête,True,nan,5,positive,plutot positive,plutot negative,negative,sans opinion,nan,nan,6,13,14,47,20,0,0,20210831_0901_elb,ELABE,"Les Echos, Radio Classique",2021-08-31,2021-09-01,1000,Representatif de la population française de 18 et plus,Image positive de la personnalité
Jean-Luc Mélenchon,France insoumise,True,nan,5,positive,plutot positive,plutot negative,negative,sans opinion,nan,nan,3,16,20,46,15,0,0,20210831_0901_elb,ELABE,"Les Echos, Radio Classique",2021-08-31,2021-09-01,1000,Representatif de la population française de 18 et plus,Image positive de la personnalité
Arnaud Montebourg,,True,2022-01-19,5,positive,plutot positive,plutot negative,negative,sans opinion,nan,nan,2,17,26,20,35,0,0,20210831_0901_elb,ELABE,"Les Echos, Radio Classique",2021-08-31,2021-09-01,1000,Representatif de la population française de 18 et plus,Image positive de la personnalité
Nicolas Dupont-Aignan,Debout la France,True,nan,5,positive,plutot positive,plutot negative,negative,sans opinion,nan,nan,4,14,21,36,25,0,0,20210831_0901_elb,ELABE,"Les Echos, Radio Classique",2021-08-31,2021-09-01,1000,Representatif de la population française de 18 et plus,Image positive de la personnalité
Yannick Jadot,EE-LV,True,nan,5,positive,plutot positive,plutot negative,negative,sans opinion,nan,nan,2,14,17,22,45,0,0,20210831_0901_elb,ELABE,"Les Echos, Radio Classique",2021-08-31,2021-09-01,1000,Representatif de la population française de 18 et plus,Image positive de la personnalité
Florian Philippot,,True,2022-02-18,5,positive,plutot positive,plutot negative,negative,sans opinion,nan,nan,3,10,16,41,30,0,0,20210831_0901_elb,ELABE,"Les Echos, Radio Classique",2021-08-31,2021-09-01,1000,Representatif de la population française de 18 et plus,Image positive de la personnalité
Eric Ciotti,Les Républicains,True,2021-12-04,5,positive,plutot positive,plutot negative,negative,sans opinion,nan,nan,2,10,18,26,44,0,0,20210831_0901_elb,ELABE,"Les Echos, Radio Classique",2021-08-31,2021-09-01,1000,Representatif de la population française de 18 et plus,Image positive de la personnalité
Fabien Roussel,Parti communiste,True,nan,5,positive,plutot positive,plutot negative,negative,sans opinion,nan,nan,2,7,13,16,62,0,0,20210831_0901_elb,ELABE,"Les Echos, Radio Classique",2021-08-31,2021-09-01,1000,Representatif de la population française de 18 et plus,Image positive de la personnalité
Philippe Juvin,Les Républicains,True,2021-12-04,5,positive,plutot positive,plutot negative,negative,sans opinion,nan,nan,1,8,11,17,63,0,0,20210831_0901_elb,ELABE,"Les Echos, Radio Classique",2021-08-31,2021-09-01,1000,Representatif de la population française de 18 et plus,Image positive de la personnalité
Emmanuel Macron,LRM,True,nan,5,positive,plutot positive,plutot negative,negative,sans opinion,nan,nan,5,29,26,35,5,0,0,20210802_0803_elb,ELABE,"Les Echos, Radio Classique",2021-08-02,2021-08-03,1003,Representatif de la population française de 18 et plus,faite-vous confiance
Xavier Bertrand,Les Républicains,True,2021-12-04,5,positive,plutot positive,plutot negative,negative,sans opinion,nan,nan,4,27,21,17,31,0,0,20210802_0803_elb,ELABE,"Les Echos, Radio Classique",2021-08-02,2021-08-03,1003,Representatif de la population française de 18 et plus,Image positive de la personnalité
Valérie Pécresse,Les Républicains,True,nan,5,positive,plutot positive,plutot negative,negative,sans opinion,nan,nan,5,21,23,20,31,0,0,20210802_0803_elb,ELABE,"Les Echos, Radio Classique",2021-08-02,2021-08-03,1003,Representatif de la population française de 18 et plus,Image positive de la personnalité
Marine Le Pen,Rassemblement national,True,nan,5,positive,plutot positive,plutot negative,negative,sans opinion,nan,nan,9,16,16,45,14,0,0,20210802_0803_elb,ELABE,"Les Echos, Radio Classique",2021-08-02,2021-08-03,1003,Representatif de la population française de 18 et plus,Image positive de la personnalité
Michel Barnier,Les Républicains,True,2021-12-04,5,positive,plutot positive,plutot negative,negative,sans opinion,nan,nan,3,19,17,14,47,0,0,20210802_0803_elb,ELABE,"Les Echos, Radio Classique",2021-08-02,2021-08-03,1003,Representatif de la population française de 18 et plus,Image positive de la personnalité
Anne Hidalgo,Parti socialiste,True,nan,5,positive,plutot positive,plutot negative,negative,sans opinion,nan,nan,3,18,24,32,23,0,0,20210802_0803_elb,ELABE,"Les Echos, Radio Classique",2021-08-02,2021-08-03,1003,Representatif de la population française de 18 et plus,Image positive de la personnalité
Jean-Luc Mélenchon,France insoumise,True,nan,5,positive,plutot positive,plutot negative,negative,sans opinion,nan,nan,3,12,24,47,14,0,0,20210802_0803_elb,ELABE,"Les Echos, Radio Classique",2021-08-02,2021-08-03,1003,Representatif de la population française de 18 et plus,Image positive de la personnalité
Nicolas Dupont-Aignan,Debout la France,True,nan,5,positive,plutot positive,plutot negative,negative,sans opinion,nan,nan,3,15,20,35,27,0,0,20210802_0803_elb,ELABE,"Les Echos, Radio Classique",2021-08-02,2021-08-03,1003,Representatif de la population française de 18 et plus,Image positive de la personnalité
Yannick Jadot,EE-LV,True,nan,5,positive,plutot positive,plutot negative,negative,sans opinion,nan,nan,3,11,19,23,44,0,0,20210802_0803_elb,ELABE,"Les Echos, Radio Classique",2021-08-02,2021-08-03,1003,Representatif de la population française de 18 et plus,Image positive de la personnalité
Florian Philippot,,True,2022-02-18,5,positive,plutot positive,plutot negative,negative,sans opinion,nan,nan,2,10,18,40,30,0,0,20210802_0803_elb,ELABE,"Les Echos, Radio Classique",2021-08-02,2021-08-03,1003,Representatif de la population française de 18 et plus,Image positive de la personnalité
Philippe Juvin,Les Républicains,True,2021-12-04,5,positive,plutot positive,plutot negative,negative,sans opinion,nan,nan,2,7,13,13,65,0,0,20210802_0803_elb,ELABE,"Les Echos, Radio Classique",2021-08-02,2021-08-03,1003,Representatif de la population française de 18 et plus,Image positive de la personnalité
Emmanuel Macron,LRM,True,nan,5,positive,plutot positive,plutot negative,negative,sans opinion,nan,nan,7,29,25,34,5,0,0,20210706_0706_elb,ELABE,"Les Echos, Radio Classique",2021-07-06,2021-07-07,1003,Representatif de la population française de 18 et plus,faite-vous confiance
Xavier Bertrand,Les Républicains,True,2021-12-04,5,positive,plutot positive,plutot negative,negative,sans opinion,nan,nan,6,28,20,18,28,0,0,20210706_0706_elb,ELABE,"Les Echos, Radio Classique",2021-07-06,2021-07-07,1003,Representatif de la population française de 18 et plus,Image positive de la personnalité
Valérie Pécresse,Les Républicains,True,nan,5,positive,plutot positive,plutot negative,negative,sans opinion,nan,nan,5,24,22,20,29,0,0,20210706_0706_elb,ELABE,"Les Echos, Radio Classique",2021-07-06,2021-07-07,1003,Representatif de la population française de 18 et plus,Image positive de la personnalité
Marine Le Pen,Rassemblement national,True,nan,5,positive,plutot positive,plutot negative,negative,sans opinion,nan,nan,9,19,14,45,13,0,0,20210706_0706_elb,ELABE,"Les Echos, Radio Classique",2021-07-06,2021-07-07,1003,Representatif de la population française de 18 et plus,Image positive de la personnalité
Michel Barnier,Les Républicains,True,2021-12-04,5,positive,plutot positive,plutot negative,negative,sans opinion,nan,nan,5,19,18,13,45,0,0,20210706_0706_elb,ELABE,"Les Echos, Radio Classique",2021-07-06,2021-07-07,1003,Representatif de la population française de 18 et plus,Image positive de la personnalité
Anne Hidalgo,Parti socialiste,True,nan,5,positive,plutot positive,plutot negative,negative,sans opinion,nan,nan,4,19,24,30,23,0,0,20210706_0706_elb,ELABE,"Les Echos, Radio Classique",2021-07-06,2021-07-07,1003,Representatif de la population française de 18 et plus,Image positive de la personnalité
Jean-Luc Mélenchon,France insoumise,True,nan,5,positive,plutot positive,plutot negative,negative,sans opinion,nan,nan,5,13,21,47,14,0,0,20210706_0706_elb,ELABE,"Les Echos, Radio Classique",2021-07-06,2021-07-07,1003,Representatif de la population française de 18 et plus,Image positive de la personnalité
Nicolas Dupont-Aignan,Debout la France,True,nan,5,positive,plutot positive,plutot negative,negative,sans opinion,nan,nan,4,15,24,32,25,0,0,20210706_0706_elb,ELABE,"Les Echos, Radio Classique",2021-07-06,2021-07-07,1003,Representatif de la population française de 18 et plus,Image positive de la personnalité
Yannick Jadot,EE-LV,True,nan,5,positive,plutot positive,plutot negative,negative,sans opinion,nan,nan,3,15,17,22,43,0,0,20210706_0706_elb,ELABE,"Les Echos, Radio Classique",2021-07-06,2021-07-07,1003,Representatif de la population française de 18 et plus,Image positive de la personnalité
Emmanuel Macron,LRM,True,nan,5,positive,plutot positive,plutot negative,negative,sans opinion,nan,nan,7,29,28,30,6,0,0,20210601_0602_elb,ELABE,"Les Echos, Radio Classique",2021-06-01,2021-06-02,1002,Representatif de la population française de 18 et plus,faite-vous confiance
Xavier Bertrand,Les Républicains,True,2021-12-04,5,positive,plutot positive,plutot negative,negative,sans opinion,nan,nan,5,22,21,19,33,0,0,20210601_0602_elb,ELABE,"Les Echos, Radio Classique",2021-06-01,2021-06-02,1002,Representatif de la population française de 18 et plus,Image positive de la personnalité
Valérie Pécresse,Les Républicains,True,nan,5,positive,plutot positive,plutot negative,negative,sans opinion,nan,nan,6,20,20,24,30,0,0,20210601_0602_elb,ELABE,"Les Echos, Radio Classique",2021-06-01,2021-06-02,1002,Representatif de la population française de 18 et plus,Image positive de la personnalité
Marine Le Pen,Rassemblement national,True,nan,5,positive,plutot positive,plutot negative,negative,sans opinion,nan,nan,10,18,12,46,14,0,0,20210601_0602_elb,ELABE,"Les Echos, Radio Classique",2021-06-01,2021-06-02,1002,Representatif de la population française de 18 et plus,Image positive de la personnalité
Michel Barnier,Les Républicains,True,2021-12-04,5,positive,plutot positive,plutot negative,negative,sans opinion,nan,nan,5,21,17,11,46,0,0,20210601_0602_elb,ELABE,"Les Echos, Radio Classique",2021-06-01,2021-06-02,1002,Representatif de la population française de 18 et plus,Image positive de la personnalité
Anne Hidalgo,Parti socialiste,True,nan,5,positive,plutot positive,plutot negative,negative,sans opinion,nan,nan,3,18,22,32,25,0,0,20210601_0602_elb,ELABE,"Les Echos, Radio Classique",2021-06-01,2021-06-02,1002,Representatif de la population française de 18 et plus,Image positive de la personnalité
Jean-Luc Mélenchon,France insoumise,True,nan,5,positive,plutot positive,plutot negative,negative,sans opinion,nan,nan,5,13,20,45,17,0,0,20210601_0602_elb,ELABE,"Les Echos, Radio Classique",2021-06-01,2021-06-02,1002,Representatif de la population française de 18 et plus,Image positive de la personnalité
Nicolas Dupont-Aignan,Debout la France,True,nan,5,positive,plutot positive,plutot negative,negative,sans opinion,nan,nan,4,15,21,33,27,0,0,20210601_0602_elb,ELABE,"Les Echos, Radio Classique",2021-06-01,2021-06-02,1002,Representatif de la population française de 18 et plus,Image positive de la personnalité
Yannick Jadot,EE-LV,True,nan,5,positive,plutot positive,plutot negative,negative,sans opinion,nan,nan,3,14,17,21,45,0,0,20210601_0602_elb,ELABE,"Les Echos, Radio Classique",2021-06-01,2021-06-02,1002,Representatif de la population française de 18 et plus,Image positive de la personnalité
Emmanuel Macron,LRM,True,nan,5,positive,plutot positive,plutot negative,negative,sans opinion,nan,nan,7,26,29,33,5,0,0,20210504_0505_elb,ELABE,"Les Echos, Radio Classique",2021-05-04,2021-05-05,1000,Representatif de la population française de 18 et plus,faite-vous confiance
Xavier Bertrand,Les Républicains,True,2021-12-04,5,positive,plutot positive,plutot negative,negative,sans opinion,nan,nan,4,25,23,17,31,0,0,20210504_0505_elb,ELABE,"Les Echos, Radio Classique",2021-05-04,2021-05-05,1000,Representatif de la population française de 18 et plus,Image positive de la personnalité
Valérie Pécresse,Les Républicains,True,nan,5,positive,plutot positive,plutot negative,negative,sans opinion,nan,nan,4,22,23,21,30,0,0,20210504_0505_elb,ELABE,"Les Echos, Radio Classique",2021-05-04,2021-05-05,1000,Representatif de la population française de 18 et plus,Image positive de la personnalité
Marine Le Pen,Rassemblement national,True,nan,5,positive,plutot positive,plutot negative,negative,sans opinion,nan,nan,11,17,13,47,12,0,0,20210504_0505_elb,ELABE,"Les Echos, Radio Classique",2021-05-04,2021-05-05,1000,Representatif de la population française de 18 et plus,Image positive de la personnalité
Michel Barnier,Les Républicains,True,2021-12-04,5,positive,plutot positive,plutot negative,negative,sans opinion,nan,nan,4,18,18,14,46,0,0,20210504_0505_elb,ELABE,"Les Echos, Radio Classique",2021-05-04,2021-05-05,1000,Representatif de la population française de 18 et plus,Image positive de la personnalité
Anne Hidalgo,Parti socialiste,True,nan,5,positive,plutot positive,plutot negative,negative,sans opinion,nan,nan,2,18,24,34,22,0,0,20210504_0505_elb,ELABE,"Les Echos, Radio Classique",2021-05-04,2021-05-05,1000,Representatif de la population française de 18 et plus,Image positive de la personnalité
Jean-Luc Mélenchon,France insoumise,True,nan,5,positive,plutot positive,plutot negative,negative,sans opinion,nan,nan,5,14,21,46,14,0,0,20210504_0505_elb,ELABE,"Les Echos, Radio Classique",2021-05-04,2021-05-05,1000,Representatif de la population française de 18 et plus,Image positive de la personnalité
Arnaud Montebourg,,True,2022-01-19,5,positive,plutot positive,plutot negative,negative,sans opinion,nan,nan,2,16,26,25,31,0,0,20210504_0505_elb,ELABE,"Les Echos, Radio Classique",2021-05-04,2021-05-05,1000,Representatif de la population française de 18 et plus,Image positive de la personnalité
Nicolas Dupont-Aignan,Debout la France,True,nan,5,positive,plutot positive,plutot negative,negative,sans opinion,nan,nan,3,16,20,35,26,0,0,20210504_0505_elb,ELABE,"Les Echos, Radio Classique",2021-05-04,2021-05-05,1000,Representatif de la population française de 18 et plus,Image positive de la personnalité
Edouard Philippe,,False,nan,6,excellente opinion,bonne opinion,mauvaise opinion,très mauvaise opinion,ne la connaît pas suffisamment,ne se prononce pas,nan,11,47,26,10,5,1,0,20220202_0203_ifp,IFOP,"Paris Match, Sud Radio",2022-02-02,2022-02-03,1006,Representatif de la population française de 18 et plus,Bonne opinion de la personnalité
Roselyne Bachelot,,False,nan,6,excellente opinion,bonne opinion,mauvaise opinion,très mauvaise opinion,ne la connaît pas suffisamment,ne se prononce pas,nan,7,46,27,10,9,1,0,20220202_0203_ifp,IFOP,"Paris Match, Sud Radio",2022-02-02,2022-02-03,1006,Representatif de la population française de 18 et plus,Bonne opinion de la personnalité
Yannick Jadot,,True,nan,6,excellente opinion,bonne opinion,mauvaise opinion,très mauvaise opinion,ne la connaît pas suffisamment,ne se prononce pas,nan,4,33,35,9,16,3,0,20220202_0203_ifp,IFOP,"Paris Match, Sud Radio",2022-02-02,2022-02-03,1006,Representatif de la population française de 18 et plus,Bonne opinion de la personnalité
Eric Dupont-Moretti,,False,nan,6,excellente opinion,bonne opinion,mauvaise opinion,très mauvaise opinion,ne la connaît pas suffisamment,ne se prononce pas,nan,4,30,33,19,12,2,0,20220202_0203_ifp,IFOP,"Paris Match, Sud Radio",2022-02-02,2022-02-03,1006,Representatif de la population française de 18 et plus,Bonne opinion de la personnalité
Nicolas Sarkozy,,False,nan,6,excellente opinion,bonne opinion,mauvaise opinion,très mauvaise opinion,ne la connaît pas suffisamment,ne se prononce pas,nan,7,38,36,17,1,1,0,20220202_0203_ifp,IFOP,"Paris Match, Sud Radio",2022-02-02,2022-02-03,1006,Representatif de la population française de 18 et plus,Bonne opinion de la personnalité
Bruno Le Maire,,False,nan,6,excellente opinion,bonne opinion,mauvaise opinion,très mauvaise opinion,ne la connaît pas suffisamment,ne se prononce pas,nan,5,39,29,11,14,2,0,20220202_0203_ifp,IFOP,"Paris Match, Sud Radio",2022-02-02,2022-02-03,1006,Representatif de la population française de 18 et plus,Bonne opinion de la personnalité
Jean Castex,,False,nan,6,excellente opinion,bonne opinion,mauvaise opinion,très mauvaise opinion,ne la connaît pas suffisamment,ne se prononce pas,nan,2,40,29,23,5,1,0,20220202_0203_ifp,IFOP,"Paris Match, Sud Radio",2022-02-02,2022-02-03,1006,Representatif de la population française de 18 et plus,Bonne opinion de la personnalité
Jean-Yves Le Drian,,False,nan,6,excellente opinion,bonne opinion,mauvaise opinion,très mauvaise opinion,ne la connaît pas suffisamment,ne se prononce pas,nan,6,36,30,7,18,3,0,20220202_0203_ifp,IFOP,"Paris Match, Sud Radio",2022-02-02,2022-02-03,1006,Representatif de la population française de 18 et plus,Bonne opinion de la personnalité
Martine Aubry,,False,nan,6,excellente opinion,bonne opinion,mauvaise opinion,très mauvaise opinion,ne la connaît pas suffisamment,ne se prononce pas,nan,4,38,32,15,9,2,0,20220202_0203_ifp,IFOP,"Paris Match, Sud Radio",2022-02-02,2022-02-03,1006,Representatif de la population française de 18 et plus,Bonne opinion de la personnalité
François Hollande,,False,nan,6,excellente opinion,bonne opinion,mauvaise opinion,très mauvaise opinion,ne la connaît pas suffisamment,ne se prononce pas,nan,5,37,38,18,2,0,0,20220202_0203_ifp,IFOP,"Paris Match, Sud Radio",2022-02-02,2022-02-03,1006,Representatif de la population française de 18 et plus,Bonne opinion de la personnalité
Valérie Pécresse,Les Républicains,True,nan,6,excellente opinion,bonne opinion,mauvaise opinion,très mauvaise opinion,ne la connaît pas suffisamment,ne se prononce pas,nan,6,35,34,15,9,1,0,20220202_0203_ifp,IFOP,"Paris Match, Sud Radio",2022-02-02,2022-02-03,1006,Representatif de la population française de 18 et plus,Bonne opinion de la personnalité
Xavier Bertrand,Les Républicains,True,2021-12-04,6,excellente opinion,bonne opinion,mauvaise opinion,très mauvaise opinion,ne la connaît pas suffisamment,ne se prononce pas,nan,3,38,33,11,13,2,0,20220202_0203_ifp,IFOP,"Paris Match, Sud Radio",2022-02-02,2022-02-03,1006,Representatif de la population française de 18 et plus,Bonne opinion de la personnalité
Emmanuel Macron,,True,nan,6,excellente opinion,bonne opinion,mauvaise opinion,très mauvaise opinion,ne la connaît pas suffisamment,ne se prononce pas,nan,7,33,28,30,2,0,0,20220202_0203_ifp,IFOP,"Paris Match, Sud Radio",2022-02-02,2022-02-03,1006,Representatif de la population française de 18 et plus,Bonne opinion de la personnalité
Olivier Véran,,False,nan,6,excellente opinion,bonne opinion,mauvaise opinion,très mauvaise opinion,ne la connaît pas suffisamment,ne se prononce pas,nan,5,33,32,19,9,2,0,20220202_0203_ifp,IFOP,"Paris Match, Sud Radio",2022-02-02,2022-02-03,1006,Representatif de la population française de 18 et plus,Bonne opinion de la personnalité
Michel Barnier,Les Républicains,True,2021-12-04,6,excellente opinion,bonne opinion,mauvaise opinion,très mauvaise opinion,ne la connaît pas suffisamment,ne se prononce pas,nan,2,36,24,5,27,6,0,20220202_0203_ifp,IFOP,"Paris Match, Sud Radio",2022-02-02,2022-02-03,1006,Representatif de la population française de 18 et plus,Bonne opinion de la personnalité
Ségolène Royal,,False,nan,6,excellente opinion,bonne opinion,mauvaise opinion,très mauvaise opinion,ne la connaît pas suffisamment,ne se prononce pas,nan,3,35,39,17,5,1,0,20220202_0203_ifp,IFOP,"Paris Match, Sud Radio",2022-02-02,2022-02-03,1006,Representatif de la population française de 18 et plus,Bonne opinion de la personnalité
Géral Darmanin,,False,nan,6,excellente opinion,bonne opinion,mauvaise opinion,très mauvaise opinion,ne la connaît pas suffisamment,ne se prononce pas,nan,3,35,31,19,10,2,0,20220202_0203_ifp,IFOP,"Paris Match, Sud Radio",2022-02-02,2022-02-03,1006,Representatif de la population française de 18 et plus,Bonne opinion de la personnalité
Rachida Dati,,False,nan,6,excellente opinion,bonne opinion,mauvaise opinion,très mauvaise opinion,ne la connaît pas suffisamment,ne se prononce pas,nan,3,35,36,13,11,2,0,20220202_0203_ifp,IFOP,"Paris Match, Sud Radio",2022-02-02,2022-02-03,1006,Representatif de la population française de 18 et plus,Bonne opinion de la personnalité
François Bayrou,,False,nan,6,excellente opinion,bonne opinion,mauvaise opinion,très mauvaise opinion,ne la connaît pas suffisamment,ne se prononce pas,nan,1,36,39,13,9,2,0,20220202_0203_ifp,IFOP,"Paris Match, Sud Radio",2022-02-02,2022-02-03,1006,Representatif de la population française de 18 et plus,Bonne opinion de la personnalité
Laurent Wauquiez,Les Républicains,False,nan,6,excellente opinion,bonne opinion,mauvaise opinion,très mauvaise opinion,ne la connaît pas suffisamment,ne se prononce pas,nan,6,31,35,10,15,3,0,20220202_0203_ifp,IFOP,"Paris Match, Sud Radio",2022-02-02,2022-02-03,1006,Representatif de la population française de 18 et plus,Bonne opinion de la personnalité
Gabriel Attal,,False,nan,6,excellente opinion,bonne opinion,mauvaise opinion,très mauvaise opinion,ne la connaît pas suffisamment,ne se prononce pas,nan,5,32,25,14,21,3,0,20220202_0203_ifp,IFOP,"Paris Match, Sud Radio",2022-02-02,2022-02-03,1006,Representatif de la population française de 18 et plus,Bonne opinion de la personnalité
Christiane Taubira,Walwari,True,nan,6,excellente opinion,bonne opinion,mauvaise opinion,très mauvaise opinion,ne la connaît pas suffisamment,ne se prononce pas,nan,7,30,29,26,7,1,0,20220202_0203_ifp,IFOP,"Paris Match, Sud Radio",2022-02-02,2022-02-03,1006,Representatif de la population française de 18 et plus,Bonne opinion de la personnalité
Hervé Morin,,False,nan,6,excellente opinion,bonne opinion,mauvaise opinion,très mauvaise opinion,ne la connaît pas suffisamment,ne se prononce pas,nan,2,35,24,4,29,6,0,20220202_0203_ifp,IFOP,"Paris Match, Sud Radio",2022-02-02,2022-02-03,1006,Representatif de la population française de 18 et plus,Bonne opinion de la personnalité
Gérard Larcher,,False,nan,6,excellente opinion,bonne opinion,mauvaise opinion,très mauvaise opinion,ne la connaît pas suffisamment,ne se prononce pas,nan,3,33,30,6,23,5,0,20220202_0203_ifp,IFOP,"Paris Match, Sud Radio",2022-02-02,2022-02-03,1006,Representatif de la population française de 18 et plus,Bonne opinion de la personnalité
Jean-Michel Blanquer,,False,nan,6,excellente opinion,bonne opinion,mauvaise opinion,très mauvaise opinion,ne la connaît pas suffisamment,ne se prononce pas,nan,3,33,33,17,11,3,0,20220202_0203_ifp,IFOP,"Paris Match, Sud Radio",2022-02-02,2022-02-03,1006,Representatif de la population française de 18 et plus,Bonne opinion de la personnalité
Jean-Luc Mélenchon,France insoumise,True,nan,6,excellente opinion,bonne opinion,mauvaise opinion,très mauvaise opinion,ne la connaît pas suffisamment,ne se prononce pas,nan,10,26,33,29,2,0,0,20220202_0203_ifp,IFOP,"Paris Match, Sud Radio",2022-02-02,2022-02-03,1006,Representatif de la population française de 18 et plus,Bonne opinion de la personnalité
Marine Le Pen,Rassemblement national,True,nan,6,excellente opinion,bonne opinion,mauvaise opinion,très mauvaise opinion,ne la connaît pas suffisamment,ne se prononce pas,nan,7,29,31,31,2,0,0,20220202_0203_ifp,IFOP,"Paris Match, Sud Radio",2022-02-02,2022-02-03,1006,Representatif de la population française de 18 et plus,Bonne opinion de la personnalité
Eric Dupont-Moretti,,False,nan,6,excellente opinion,bonne opinion,mauvaise opinion,très mauvaise opinion,ne la connaît pas suffisamment,ne se prononce pas,nan,4,30,33,19,12,2,0,20220202_0203_ifp,IFOP,"Paris Match, Sud Radio",2022-02-02,2022-02-03,1006,Representatif de la population française de 18 et plus,Bonne opinion de la personnalité
Marlène Schiappa,,False,nan,6,excellente opinion,bonne opinion,mauvaise opinion,très mauvaise opinion,ne la connaît pas suffisamment,ne se prononce pas,nan,2,31,30,20,16,1,0,20220202_0203_ifp,IFOP,"Paris Match, Sud Radio",2022-02-02,2022-02-03,1006,Representatif de la population française de 18 et plus,Bonne opinion de la personnalité
Eric Zemmour,,True,nan,6,excellente opinion,bonne opinion,mauvaise opinion,très mauvaise opinion,ne la connaît pas suffisamment,ne se prononce pas,nan,8,25,20,43,3,1,0,20220202_0203_ifp,IFOP,"Paris Match, Sud Radio",2022-02-02,2022-02-03,1006,Representatif de la population française de 18 et plus,Bonne opinion de la personnalité
Christian Estrosi,,False,nan,6,excellente opinion,bonne opinion,mauvaise opinion,très mauvaise opinion,ne la connaît pas suffisamment,ne se prononce pas,nan,2,30,31,14,18,5,0,20220202_0203_ifp,IFOP,"Paris Match, Sud Radio",2022-02-02,2022-02-03,1006,Representatif de la population française de 18 et plus,Bonne opinion de la personnalité
Fabien Roussel,Parti communiste,True,nan,6,excellente opinion,bonne opinion,mauvaise opinion,très mauvaise opinion,ne la connaît pas suffisamment,ne se prononce pas,nan,3,29,21,5,35,7,0,20220202_0203_ifp,IFOP,"Paris Match, Sud Radio",2022-02-02,2022-02-03,1006,Representatif de la population française de 18 et plus,Bonne opinion de la personnalité
Nicolas Dupont-Aignan,Debout la France,True,nan,6,excellente opinion,bonne opinion,mauvaise opinion,très mauvaise opinion,ne la connaît pas suffisamment,ne se prononce pas,nan,3,28,35,19,12,3,0,20220202_0203_ifp,IFOP,"Paris Match, Sud Radio",2022-02-02,2022-02-03,1006,Representatif de la population française de 18 et plus,Bonne opinion de la personnalité
Eric Ciotti,,True,2021-12-04,6,excellente opinion,bonne opinion,mauvaise opinion,très mauvaise opinion,ne la connaît pas suffisamment,ne se prononce pas,nan,4,26,32,14,20,4,0,20220202_0203_ifp,IFOP,"Paris Match, Sud Radio",2022-02-02,2022-02-03,1006,Representatif de la population française de 18 et plus,Bonne opinion de la personnalité
Anne Hidalgo,,True,nan,6,excellente opinion,bonne opinion,mauvaise opinion,très mauvaise opinion,ne la connaît pas suffisamment,ne se prononce pas,nan,2,28,33,30,6,1,0,20220202_0203_ifp,IFOP,"Paris Match, Sud Radio",2022-02-02,2022-02-03,1006,Representatif de la population française de 18 et plus,Bonne opinion de la personnalité
François Ruffin,,False,nan,6,excellente opinion,bonne opinion,mauvaise opinion,très mauvaise opinion,ne la connaît pas suffisamment,ne se prononce pas,nan,6,23,24,6,35,6,0,20220202_0203_ifp,IFOP,"Paris Match, Sud Radio",2022-02-02,2022-02-03,1006,Representatif de la population française de 18 et plus,Bonne opinion de la personnalité
Elisabeth Borne,,False,nan,6,excellente opinion,bonne opinion,mauvaise opinion,très mauvaise opinion,ne la connaît pas suffisamment,ne se prononce pas,nan,3,25,29,8,28,7,0,20220202_0203_ifp,IFOP,"Paris Match, Sud Radio",2022-02-02,2022-02-03,1006,Representatif de la population française de 18 et plus,Bonne opinion de la personnalité
Christian Jacob,,False,nan,6,excellente opinion,bonne opinion,mauvaise opinion,très mauvaise opinion,ne la connaît pas suffisamment,ne se prononce pas,nan,2,26,28,6,32,6,0,20220202_0203_ifp,IFOP,"Paris Match, Sud Radio",2022-02-02,2022-02-03,1006,Representatif de la population française de 18 et plus,Bonne opinion de la personnalité
Richard Ferrand,,False,nan,6,excellente opinion,bonne opinion,mauvaise opinion,très mauvaise opinion,ne la connaît pas suffisamment,ne se prononce pas,nan,1,26,32,11,26,4,0,20220202_0203_ifp,IFOP,"Paris Match, Sud Radio",2022-02-02,2022-02-03,1006,Representatif de la population française de 18 et plus,Bonne opinion de la personnalité
Florence Parly,,False,nan,6,excellente opinion,bonne opinion,mauvaise opinion,très mauvaise opinion,ne la connaît pas suffisamment,ne se prononce pas,nan,2,25,24,4,37,8,0,20220202_0203_ifp,IFOP,"Paris Match, Sud Radio",2022-02-02,2022-02-03,1006,Representatif de la population française de 18 et plus,Bonne opinion de la personnalité
Jordan Bardella,,False,nan,6,excellente opinion,bonne opinion,mauvaise opinion,très mauvaise opinion,ne la connaît pas suffisamment,ne se prononce pas,nan,4,22,28,16,24,6,0,20220202_0203_ifp,IFOP,"Paris Match, Sud Radio",2022-02-02,2022-02-03,1006,Representatif de la population française de 18 et plus,Bonne opinion de la personnalité
Christophe Castaner,,False,nan,6,excellente opinion,bonne opinion,mauvaise opinion,très mauvaise opinion,ne la connaît pas suffisamment,ne se prononce pas,nan,2,24,37,22,13,2,0,20220202_0203_ifp,IFOP,"Paris Match, Sud Radio",2022-02-02,2022-02-03,1006,Representatif de la population française de 18 et plus,Bonne opinion de la personnalité
Sandrine Rousseau,,True,2021-09-28,6,excellente opinion,bonne opinion,mauvaise opinion,très mauvaise opinion,ne la connaît pas suffisamment,ne se prononce pas,nan,2,21,25,13,33,6,0,20220202_0203_ifp,IFOP,"Paris Match, Sud Radio",2022-02-02,2022-02-03,1006,Representatif de la population française de 18 et plus,Bonne opinion de la personnalité
Olivier Faure,,False,nan,6,excellente opinion,bonne opinion,mauvaise opinion,très mauvaise opinion,ne la connaît pas suffisamment,ne se prononce pas,nan,1,21,24,7,41,6,0,20220202_0203_ifp,IFOP,"Paris Match, Sud Radio",2022-02-02,2022-02-03,1006,Representatif de la population française de 18 et plus,Bonne opinion de la personnalité
Guillaume Peltier,,False,nan,6,excellente opinion,bonne opinion,mauvaise opinion,très mauvaise opinion,ne la connaît pas suffisamment,ne se prononce pas,nan,1,20,22,7,42,8,0,20220202_0203_ifp,IFOP,"Paris Match, Sud Radio",2022-02-02,2022-02-03,1006,Representatif de la population française de 18 et plus,Bonne opinion de la personnalité
Sebastien Lecornu,,False,nan,6,excellente opinion,bonne opinion,mauvaise opinion,très mauvaise opinion,ne la connaît pas suffisamment,ne se prononce pas,nan,1,20,27,5,41,6,0,20220202_0203_ifp,IFOP,"Paris Match, Sud Radio",2022-02-02,2022-02-03,1006,Representatif de la population française de 18 et plus,Bonne opinion de la personnalité
Barbara Pompili,,False,nan,6,excellente opinion,bonne opinion,mauvaise opinion,très mauvaise opinion,ne la connaît pas suffisamment,ne se prononce pas,nan,1,19,27,8,38,7,0,20220202_0203_ifp,IFOP,"Paris Match, Sud Radio",2022-02-02,2022-02-03,1006,Representatif de la population française de 18 et plus,Bonne opinion de la personnalité
Agnès Pannier-Runacher,,False,nan,6,excellente opinion,bonne opinion,mauvaise opinion,très mauvaise opinion,ne la connaît pas suffisamment,ne se prononce pas,nan,1,19,17,6,47,10,0,20220202_0203_ifp,IFOP,"Paris Match, Sud Radio",2022-02-02,2022-02-03,1006,Representatif de la population française de 18 et plus,Bonne opinion de la personnalité
Carole Delga,,False,nan,6,excellente opinion,bonne opinion,mauvaise opinion,très mauvaise opinion,ne la connaît pas suffisamment,ne se prononce pas,nan,2,17,17,3,51,10,0,20220202_0203_ifp,IFOP,"Paris Match, Sud Radio",2022-02-02,2022-02-03,1006,Representatif de la population française de 18 et plus,Bonne opinion de la personnalité
Bruno Retailleau,,False,nan,6,excellente opinion,bonne opinion,mauvaise opinion,très mauvaise opinion,ne la connaît pas suffisamment,ne se prononce pas,nan,1,16,24,5,46,8,0,20220202_0203_ifp,IFOP,"Paris Match, Sud Radio",2022-02-02,2022-02-03,1006,Representatif de la population française de 18 et plus,Bonne opinion de la personnalité
Clément Beaune,,False,nan,6,excellente opinion,bonne opinion,mauvaise opinion,très mauvaise opinion,ne la connaît pas suffisamment,ne se prononce pas,nan,1,14,14,4,56,11,0,20220202_0203_ifp,IFOP,"Paris Match, Sud Radio",2022-02-02,2022-02-03,1006,Representatif de la population française de 18 et plus,Bonne opinion de la personnalité
Valérie Pécresse,Les Républicains,True,nan,7,Excellent,Très bien,Bien,Assez bien,Passable,Insuffisant,A rejeter,3.7,7.6,12.5,14.5,20.4,15.3,26.0,20220209_0210_ow,Opinion Way,Mieux voter,2022-02-09,2022-02-10,983,Inscrit sur les listes électorales,scrutin jugement majoritaire
Emmanuel Macron,LRM,True,nan,7,Excellent,Très bien,Bien,Assez bien,Passable,Insuffisant,A rejeter,6.7,11,13.8,11.4,14.5,9.6,33,20220209_0210_ow,Opinion Way,Mieux voter,2022-02-09,2022-02-10,983,Inscrit sur les listes électorales,scrutin jugement majoritaire
Yannick Jadot,EE-LV,True,nan,7,Excellent,Très bien,Bien,Assez bien,Passable,Insuffisant,A rejeter,1.5,2.3,7.8,10.6,22.3,23.3,32.2,20220209_0210_ow,Opinion Way,Mieux voter,2022-02-09,2022-02-10,983,Inscrit sur les listes électorales,scrutin jugement majoritaire
Anne Hidalgo,Parti socialiste,True,nan,7,Excellent,Très bien,Bien,Assez bien,Passable,Insuffisant,A rejeter,0.7,1.8,5.8,8.9,15.4,23.8,43.6,20220209_0210_ow,Opinion Way,Mieux voter,2022-02-09,2022-02-10,983,Inscrit sur les listes électorales,scrutin jugement majoritaire
Fabien Roussel,Parti communiste,True,nan,7,Excellent,Très bien,Bien,Assez bien,Passable,Insuffisant,A rejeter,0.8,3.2,6.1,11.1,20.3,25.5,33,20220209_0210_ow,Opinion Way,Mieux voter,2022-02-09,2022-02-10,983,Inscrit sur les listes électorales,scrutin jugement majoritaire
Nicolas Dupont-Aignan,Debout la France,True,nan,7,Excellent,Très bien,Bien,Assez bien,Passable,Insuffisant,A rejeter,1.2,2.4,5.7,8.3,15.4,18.6,48.4,20220209_0210_ow,Opinion Way,Mieux voter,2022-02-09,2022-02-10,983,Inscrit sur les listes électorales,scrutin jugement majoritaire
Marine Le Pen,Rassemblement national,True,nan,7,Excellent,Très bien,Bien,Assez bien,Passable,Insuffisant,A rejeter,9.3,7.6,8.8,7.1,11.7,11.1,44.4,20220209_0210_ow,Opinion Way,Mieux voter,2022-02-09,2022-02-10,983,Inscrit sur les listes électorales,scrutin jugement majoritaire
Christiane Taubira,Walwari,True,nan,7,Excellent,Très bien,Bien,Assez bien,Passable,Insuffisant,A rejeter,0.7,3.1,7.8,8.9,13.8,19.3,46.4,20220209_0210_ow,Opinion Way,Mieux voter,2022-02-09,2022-02-10,983,Inscrit sur les listes électorales,scrutin jugement majoritaire
Nathalie Arthaud,Lutte ouvrière,True,nan,7,Excellent,Très bien,Bien,Assez bien,Passable,Insuffisant,A rejeter,0.9,1.3,3,7.3,16.8,24.7,46.0,20220209_0210_ow,Opinion Way,Mieux voter,2022-02-09,2022-02-10,983,Inscrit sur les listes électorales,scrutin jugement majoritaire
Philippe Poutou,NPA,True,nan,7,Excellent,Très bien,Bien,Assez bien,Passable,Insuffisant,A rejeter,0.8,1.4,4.3,7.6,13.7,23.3,48.9,20220209_0210_ow,Opinion Way,Mieux voter,2022-02-09,2022-02-10,983,Inscrit sur les listes électorales,scrutin jugement majoritaire
Jean-Luc Mélenchon,France insoumise,True,nan,7,Excellent,Très bien,Bien,Assez bien,Passable,Insuffisant,A rejeter,2.7,4.7,7.5,8.9,14.1,15.8,46.3,20220209_0210_ow,Opinion Way,Mieux voter,2022-02-09,2022-02-10,983,Inscrit sur les listes électorales,scrutin jugement majoritaire
Eric Zemmour,Reconquête,True,nan,7,Excellent,Très bien,Bien,Assez bien,Passable,Insuffisant,A rejeter,6.0,5.0,6.6,6.1,9.5,8.9,57.9,20220209_0210_ow,Opinion Way,Mieux voter,2022-02-09,2022-02-10,983,Inscrit sur les listes électorales,scrutin jugement majoritaire
Jean Lassalle,Résistons !,True,nan,7,Excellent,Très bien,Bien,Assez bien,Passable,Insuffisant,A rejeter,1.0,1.4,4.7,8.7,17.4,26.1,40.7,20220209_0210_ow,Opinion Way,Mieux voter,2022-02-09,2022-02-10,983,Inscrit sur les listes électorales,scrutin jugement majoritaire
Emmanuel Macron,LRM,True,nan,5,positive,plutot positive,plutot negative,negative,sans opinion,nan,nan,10,30,26,29,5,0,0,20220227_0228_elb,ELABE,"Les Echos, Radio Classique",2022-02-27,2022-02-28,1431,Representatif de la population française de 18 et plus,faite-vous confiance
Valérie Pécresse,Les Républicains,True,nan,5,positive,plutot positive,plutot negative,negative,sans opinion,nan,nan,6,21,26,28,19,0,0,20220227_0228_elb,ELABE,"Les Echos, Radio Classique",2022-02-27,2022-02-28,1431,Representatif de la population française de 18 et plus,Image positive de la personnalité
Marine Le Pen,Rassemblement national,True,nan,5,positive,plutot positive,plutot negative,negative,sans opinion,nan,nan,12,21,18,38,11,0,0,20220227_0228_elb,ELABE,"Les Echos, Radio Classique",2022-02-27,2022-02-28,1431,Representatif de la population française de 18 et plus,Image positive de la personnalité
Anne Hidalgo,Parti socialiste,True,nan,5,positive,plutot positive,plutot negative,negative,sans opinion,nan,nan,2,14,26,39,19,0,0,20220227_0228_elb,ELABE,"Les Echos, Radio Classique",2022-02-27,2022-02-28,1431,Representatif de la population française de 18 et plus,Image positive de la personnalité
Eric Zemmour,Reconquête,True,nan,5,positive,plutot positive,plutot negative,negative,sans opinion,nan,nan,8,13,12,55,12,0,0,20220227_0228_elb,ELABE,"Les Echos, Radio Classique",2022-02-27,2022-02-28,1431,Representatif de la population française de 18 et plus,Image positive de la personnalité
Jean-Luc Mélenchon,France insoumise,True,nan,5,positive,plutot positive,plutot negative,negative,sans opinion,nan,nan,7,21,22,36,14,0,0,20220227_0228_elb,ELABE,"Les Echos, Radio Classique",2022-02-27,2022-02-28,1431,Representatif de la population française de 18 et plus,Image positive de la personnalité
Nicolas Dupont-Aignan,Debout la France,True,nan,5,positive,plutot positive,plutot negative,negative,sans opinion,nan,nan,5,15,22,32,26,0,0,20220227_0228_elb,ELABE,"Les Echos, Radio Classique",2022-02-27,2022-02-28,1431,Representatif de la population française de 18 et plus,Image positive de la personnalité
Yannick Jadot,EE-LV,True,nan,5,positive,plutot positive,plutot negative,negative,sans opinion,nan,nan,4,19,21,24,32,0,0,20220227_0228_elb,ELABE,"Les Echos, Radio Classique",2022-02-27,2022-02-28,1431,Representatif de la population française de 18 et plus,Image positive de la personnalité
Christiane Taubira,Walwari,True,nan,5,positive,plutot positive,plutot negative,negative,sans opinion,nan,nan,3,17,20,39,21,0,0,20220227_0228_elb,ELABE,"Les Echos, Radio Classique",2022-02-27,2022-02-28,1431,Representatif de la population française de 18 et plus,Image positive de la personnalité
Philippe Poutou,NPA,True,nan,5,positive,plutot positive,plutot negative,negative,sans opinion,nan,nan,3,18,17,26,36,0,0,20220227_0228_elb,ELABE,"Les Echos, Radio Classique",2022-02-27,2022-02-28,1431,Representatif de la population française de 18 et plus,Image positive de la personnalité
Fabien Roussel,Parti communiste,True,nan,5,positive,plutot positive,plutot negative,negative,sans opinion,nan,nan,4,18,16,20,42,0,0,20220227_0228_elb,ELABE,"Les Echos, Radio Classique",2022-02-27,2022-02-28,1431,Representatif de la population française de 18 et plus,Image positive de la personnalité
Edouard Philippe,,False,nan,6,excellente opinion,bonne opinion,mauvaise opinion,très mauvaise opinion,ne la connaît pas suffisamment,ne se prononce pas,nan,14,46,21,10,6,3,0,20211208_1209_ifp,IFOP,"Paris Match, Sud Radio",2021-12-08,2021-12-09,1004,Representatif de la population française de 18 et plus,Bonne opinion de la personnalité
Roselyne Bachelot,,False,nan,6,excellente opinion,bonne opinion,mauvaise opinion,très mauvaise opinion,ne la connaît pas suffisamment,ne se prononce pas,nan,8,50,22,7,11,2,0,20211208_1209_ifp,IFOP,"Paris Match, Sud Radio",2021-12-08,2021-12-09,1004,Representatif de la population française de 18 et plus,Bonne opinion de la personnalité
Nicolas Sarkozy,,False,nan,6,excellente opinion,bonne opinion,mauvaise opinion,très mauvaise opinion,ne la connaît pas suffisamment,ne se prononce pas,nan,8,40,32,17,2,1,0,20211208_1209_ifp,IFOP,"Paris Match, Sud Radio",2021-12-08,2021-12-09,1004,Representatif de la population française de 18 et plus,Bonne opinion de la personnalité
Bruno Le Maire,,False,nan,6,excellente opinion,bonne opinion,mauvaise opinion,très mauvaise opinion,ne la connaît pas suffisamment,ne se prononce pas,nan,6,43,24,7,16,4,0,20211208_1209_ifp,IFOP,"Paris Match, Sud Radio",2021-12-08,2021-12-09,1004,Representatif de la population française de 18 et plus,Bonne opinion de la personnalité
Jean Castex,,False,nan,6,excellente opinion,bonne opinion,mauvaise opinion,très mauvaise opinion,ne la connaît pas suffisamment,ne se prononce pas,nan,4,43,28,16,6,3,0,20211208_1209_ifp,IFOP,"Paris Match, Sud Radio",2021-12-08,2021-12-09,1004,Representatif de la population française de 18 et plus,Bonne opinion de la personnalité
Jean-Yves Le Drian,,False,nan,6,excellente opinion,bonne opinion,mauvaise opinion,très mauvaise opinion,ne la connaît pas suffisamment,ne se prononce pas,nan,5,39,19,5,27,5,0,20211208_1209_ifp,IFOP,"Paris Match, Sud Radio",2021-12-08,2021-12-09,1004,Representatif de la population française de 18 et plus,Bonne opinion de la personnalité
Martine Aubry,,False,nan,6,excellente opinion,bonne opinion,mauvaise opinion,très mauvaise opinion,ne la connaît pas suffisamment,ne se prononce pas,nan,5,42,27,11,12,3,0,20211208_1209_ifp,IFOP,"Paris Match, Sud Radio",2021-12-08,2021-12-09,1004,Representatif de la population française de 18 et plus,Bonne opinion de la personnalité
François Hollande,,False,nan,6,excellente opinion,bonne opinion,mauvaise opinion,très mauvaise opinion,ne la connaît pas suffisamment,ne se prononce pas,nan,5,39,36,16,2,2,0,20211208_1209_ifp,IFOP,"Paris Match, Sud Radio",2021-12-08,2021-12-09,1004,Representatif de la population française de 18 et plus,Bonne opinion de la personnalité
Valérie Pécresse,Les Républicains,True,nan,6,excellente opinion,bonne opinion,mauvaise opinion,très mauvaise opinion,ne la connaît pas suffisamment,ne se prononce pas,nan,8,37,25,13,14,3,0,20211208_1209_ifp,IFOP,"Paris Match, Sud Radio",2021-12-08,2021-12-09,1004,Representatif de la population française de 18 et plus,Bonne opinion de la personnalité
Xavier Bertrand,Les Républicains,True,2021-12-04,6,excellente opinion,bonne opinion,mauvaise opinion,très mauvaise opinion,ne la connaît pas suffisamment,ne se prononce pas,nan,4,38,27,8,20,3,0,20211208_1209_ifp,IFOP,"Paris Match, Sud Radio",2021-12-08,2021-12-09,1004,Representatif de la population française de 18 et plus,Bonne opinion de la personnalité
Emmanuel Macron,,True,nan,6,excellente opinion,bonne opinion,mauvaise opinion,très mauvaise opinion,ne la connaît pas suffisamment,ne se prononce pas,nan,9,40,25,23,1,2,0,20211208_1209_ifp,IFOP,"Paris Match, Sud Radio",2021-12-08,2021-12-09,1004,Representatif de la population française de 18 et plus,Bonne opinion de la personnalité
Olivier Véran,,False,nan,6,excellente opinion,bonne opinion,mauvaise opinion,très mauvaise opinion,ne la connaît pas suffisamment,ne se prononce pas,nan,3,42,25,13,14,3,0,20211208_1209_ifp,IFOP,"Paris Match, Sud Radio",2021-12-08,2021-12-09,1004,Representatif de la population française de 18 et plus,Bonne opinion de la personnalité
Michel Barnier,Les Républicains,True,2021-12-04,6,excellente opinion,bonne opinion,mauvaise opinion,très mauvaise opinion,ne la connaît pas suffisamment,ne se prononce pas,nan,4,35,21,4,31,5,0,20211208_1209_ifp,IFOP,"Paris Match, Sud Radio",2021-12-08,2021-12-09,1004,Representatif de la population française de 18 et plus,Bonne opinion de la personnalité
Ségolène Royal,,False,nan,6,excellente opinion,bonne opinion,mauvaise opinion,très mauvaise opinion,ne la connaît pas suffisamment,ne se prononce pas,nan,5,36,35,14,7,3,0,20211208_1209_ifp,IFOP,"Paris Match, Sud Radio",2021-12-08,2021-12-09,1004,Representatif de la population française de 18 et plus,Bonne opinion de la personnalité
Géral Darmanin,,False,nan,6,excellente opinion,bonne opinion,mauvaise opinion,très mauvaise opinion,ne la connaît pas suffisamment,ne se prononce pas,nan,3,35,26,16,18,2,0,20211208_1209_ifp,IFOP,"Paris Match, Sud Radio",2021-12-08,2021-12-09,1004,Representatif de la population française de 18 et plus,Bonne opinion de la personnalité
Rachida Dati,,False,nan,6,excellente opinion,bonne opinion,mauvaise opinion,très mauvaise opinion,ne la connaît pas suffisamment,ne se prononce pas,nan,4,33,33,12,15,3,0,20211208_1209_ifp,IFOP,"Paris Match, Sud Radio",2021-12-08,2021-12-09,1004,Representatif de la population française de 18 et plus,Bonne opinion de la personnalité
François Bayrou,,False,nan,6,excellente opinion,bonne opinion,mauvaise opinion,très mauvaise opinion,ne la connaît pas suffisamment,ne se prononce pas,nan,2,40,32,9,13,4,0,20211208_1209_ifp,IFOP,"Paris Match, Sud Radio",2021-12-08,2021-12-09,1004,Representatif de la population française de 18 et plus,Bonne opinion de la personnalité
Laurent Wauquiez,Les Républicains,False,nan,6,excellente opinion,bonne opinion,mauvaise opinion,très mauvaise opinion,ne la connaît pas suffisamment,ne se prononce pas,nan,4,36,26,9,21,4,0,20211208_1209_ifp,IFOP,"Paris Match, Sud Radio",2021-12-08,2021-12-09,1004,Representatif de la population française de 18 et plus,Bonne opinion de la personnalité
Gabriel Attal,,False,nan,6,excellente opinion,bonne opinion,mauvaise opinion,très mauvaise opinion,ne la connaît pas suffisamment,ne se prononce pas,nan,4,34,22,10,24,6,0,20211208_1209_ifp,IFOP,"Paris Match, Sud Radio",2021-12-08,2021-12-09,1004,Representatif de la population française de 18 et plus,Bonne opinion de la personnalité
Hervé Morin,,False,nan,6,excellente opinion,bonne opinion,mauvaise opinion,très mauvaise opinion,ne la connaît pas suffisamment,ne se prononce pas,nan,2,28,20,3,39,8,0,20211208_1209_ifp,IFOP,"Paris Match, Sud Radio",2021-12-08,2021-12-09,1004,Representatif de la population française de 18 et plus,Bonne opinion de la personnalité
Yannick Jadot,EE-LV,True,nan,6,excellente opinion,bonne opinion,mauvaise opinion,très mauvaise opinion,ne la connaît pas suffisamment,ne se prononce pas,nan,3,25,29,8,28,7,0,20211208_1209_ifp,IFOP,"Paris Match, Sud Radio",2021-12-08,2021-12-09,1004,Representatif de la population française de 18 et plus,Bonne opinion de la personnalité
Gérard Larcher,,False,nan,6,excellente opinion,bonne opinion,mauvaise opinion,très mauvaise opinion,ne la connaît pas suffisamment,ne se prononce pas,nan,3,32,24,4,32,5,0,20211208_1209_ifp,IFOP,"Paris Match, Sud Radio",2021-12-08,2021-12-09,1004,Representatif de la population française de 18 et plus,Bonne opinion de la personnalité
Jean-Michel Blanquer,,False,nan,6,excellente opinion,bonne opinion,mauvaise opinion,très mauvaise opinion,ne la connaît pas suffisamment,ne se prononce pas,nan,2,37,26,10,21,4,0,20211208_1209_ifp,IFOP,"Paris Match, Sud Radio",2021-12-08,2021-12-09,1004,Representatif de la population française de 18 et plus,Bonne opinion de la personnalité
Jean-Luc Mélenchon,France insoumise,True,nan,6,excellente opinion,bonne opinion,mauvaise opinion,très mauvaise opinion,ne la connaît pas suffisamment,ne se prononce pas,nan,6,30,36,20,6,2,0,20211208_1209_ifp,IFOP,"Paris Match, Sud Radio",2021-12-08,2021-12-09,1004,Representatif de la population française de 18 et plus,Bonne opinion de la personnalité
Marine Le Pen,Rassemblement national,True,nan,6,excellente opinion,bonne opinion,mauvaise opinion,très mauvaise opinion,ne la connaît pas suffisamment,ne se prononce pas,nan,7,25,32,32,3,1,0,20211208_1209_ifp,IFOP,"Paris Match, Sud Radio",2021-12-08,2021-12-09,1004,Representatif de la population française de 18 et plus,Bonne opinion de la personnalité
Eric Dupont-Moretti,,False,nan,6,excellente opinion,bonne opinion,mauvaise opinion,très mauvaise opinion,ne la connaît pas suffisamment,ne se prononce pas,nan,4,30,28,16,18,4,0,20211208_1209_ifp,IFOP,"Paris Match, Sud Radio",2021-12-08,2021-12-09,1004,Representatif de la population française de 18 et plus,Bonne opinion de la personnalité
Marlène Schiappa,,False,nan,6,excellente opinion,bonne opinion,mauvaise opinion,très mauvaise opinion,ne la connaît pas suffisamment,ne se prononce pas,nan,4,26,28,16,21,5,0,20211208_1209_ifp,IFOP,"Paris Match, Sud Radio",2021-12-08,2021-12-09,1004,Representatif de la population française de 18 et plus,Bonne opinion de la personnalité
Eric Zemmour,,True,nan,6,excellente opinion,bonne opinion,mauvaise opinion,très mauvaise opinion,ne la connaît pas suffisamment,ne se prononce pas,nan,8,18,26,41,6,1,0,20211208_1209_ifp,IFOP,"Paris Match, Sud Radio",2021-12-08,2021-12-09,1004,Representatif de la population française de 18 et plus,Bonne opinion de la personnalité
Christian Estrosi,,False,nan,6,excellente opinion,bonne opinion,mauvaise opinion,très mauvaise opinion,ne la connaît pas suffisamment,ne se prononce pas,nan,2,25,31,12,26,4,0,20211208_1209_ifp,IFOP,"Paris Match, Sud Radio",2021-12-08,2021-12-09,1004,Representatif de la population française de 18 et plus,Bonne opinion de la personnalité
Fabien Roussel,Parti communiste,True,nan,6,excellente opinion,bonne opinion,mauvaise opinion,très mauvaise opinion,ne la connaît pas suffisamment,ne se prononce pas,nan,2,18,18,6,47,9,0,20211208_1209_ifp,IFOP,"Paris Match, Sud Radio",2021-12-08,2021-12-09,1004,Representatif de la population française de 18 et plus,Bonne opinion de la personnalité
Nicolas Dupont-Aignan,Debout la France,True,nan,6,excellente opinion,bonne opinion,mauvaise opinion,très mauvaise opinion,ne la connaît pas suffisamment,ne se prononce pas,nan,4,27,32,16,17,4,0,20211208_1209_ifp,IFOP,"Paris Match, Sud Radio",2021-12-08,2021-12-09,1004,Representatif de la population française de 18 et plus,Bonne opinion de la personnalité
Eric Ciotti,,True,2021-12-04,6,excellente opinion,bonne opinion,mauvaise opinion,très mauvaise opinion,ne la connaît pas suffisamment,ne se prononce pas,nan,4,29,27,12,23,5,0,20211208_1209_ifp,IFOP,"Paris Match, Sud Radio",2021-12-08,2021-12-09,1004,Representatif de la population française de 18 et plus,Bonne opinion de la personnalité
Anne Hidalgo,,True,nan,6,excellente opinion,bonne opinion,mauvaise opinion,très mauvaise opinion,ne la connaît pas suffisamment,ne se prononce pas,nan,3,29,33,20,12,3,0,20211208_1209_ifp,IFOP,"Paris Match, Sud Radio",2021-12-08,2021-12-09,1004,Representatif de la population française de 18 et plus,Bonne opinion de la personnalité
François Ruffin,,False,nan,6,excellente opinion,bonne opinion,mauvaise opinion,très mauvaise opinion,ne la connaît pas suffisamment,ne se prononce pas,nan,5,24,23,5,37,6,0,20211208_1209_ifp,IFOP,"Paris Match, Sud Radio",2021-12-08,2021-12-09,1004,Representatif de la population française de 18 et plus,Bonne opinion de la personnalité
Elisabeth Borne,,False,nan,6,excellente opinion,bonne opinion,mauvaise opinion,très mauvaise opinion,ne la connaît pas suffisamment,ne se prononce pas,nan,1,27,23,7,35,7,0,20211208_1209_ifp,IFOP,"Paris Match, Sud Radio",2021-12-08,2021-12-09,1004,Representatif de la population française de 18 et plus,Bonne opinion de la personnalité
Christian Jacob,,False,nan,6,excellente opinion,bonne opinion,mauvaise opinion,très mauvaise opinion,ne la connaît pas suffisamment,ne se prononce pas,nan,2,28,24,4,36,6,0,20211208_1209_ifp,IFOP,"Paris Match, Sud Radio",2021-12-08,2021-12-09,1004,Representatif de la population française de 18 et plus,Bonne opinion de la personnalité
Richard Ferrand,,False,nan,6,excellente opinion,bonne opinion,mauvaise opinion,très mauvaise opinion,ne la connaît pas suffisamment,ne se prononce pas,nan,1,23,28,7,35,6,0,20211208_1209_ifp,IFOP,"Paris Match, Sud Radio",2021-12-08,2021-12-09,1004,Representatif de la population française de 18 et plus,Bonne opinion de la personnalité
Florence Parly,,False,nan,6,excellente opinion,bonne opinion,mauvaise opinion,très mauvaise opinion,ne la connaît pas suffisamment,ne se prononce pas,nan,2,23,16,5,46,8,0,20211208_1209_ifp,IFOP,"Paris Match, Sud Radio",2021-12-08,2021-12-09,1004,Representatif de la population française de 18 et plus,Bonne opinion de la personnalité
Jordan Bardella,,False,nan,6,excellente opinion,bonne opinion,mauvaise opinion,très mauvaise opinion,ne la connaît pas suffisamment,ne se prononce pas,nan,2,20,22,16,32,8,0,20211208_1209_ifp,IFOP,"Paris Match, Sud Radio",2021-12-08,2021-12-09,1004,Representatif de la population française de 18 et plus,Bonne opinion de la personnalité
Christophe Castaner,,False,nan,6,excellente opinion,bonne opinion,mauvaise opinion,très mauvaise opinion,ne la connaît pas suffisamment,ne se prononce pas,nan,2,25,34,18,17,4,0,20211208_1209_ifp,IFOP,"Paris Match, Sud Radio",2021-12-08,2021-12-09,1004,Representatif de la population française de 18 et plus,Bonne opinion de la personnalité
Olivier Faure,,False,nan,6,excellente opinion,bonne opinion,mauvaise opinion,très mauvaise opinion,ne la connaît pas suffisamment,ne se prononce pas,nan,1,20,23,5,45,6,0,20211208_1209_ifp,IFOP,"Paris Match, Sud Radio",2021-12-08,2021-12-09,1004,Representatif de la population française de 18 et plus,Bonne opinion de la personnalité
Sebastien Lecornu,,False,nan,6,excellente opinion,bonne opinion,mauvaise opinion,très mauvaise opinion,ne la connaît pas suffisamment,ne se prononce pas,nan,1,18,23,3,47,8,0,20211208_1209_ifp,IFOP,"Paris Match, Sud Radio",2021-12-08,2021-12-09,1004,Representatif de la population française de 18 et plus,Bonne opinion de la personnalité
Barbara Pompili,,False,nan,6,excellente opinion,bonne opinion,mauvaise opinion,très mauvaise opinion,ne la connaît pas suffisamment,ne se prononce pas,nan,1,19,21,7,44,8,0,20211208_1209_ifp,IFOP,"Paris Match, Sud Radio",2021-12-08,2021-12-09,1004,Representatif de la population française de 18 et plus,Bonne opinion de la personnalité
Agnès Pannier-Runacher,,False,nan,6,excellente opinion,bonne opinion,mauvaise opinion,très mauvaise opinion,ne la connaît pas suffisamment,ne se prononce pas,nan,1,17,15,3,52,12,0,20211208_1209_ifp,IFOP,"Paris Match, Sud Radio",2021-12-08,2021-12-09,1004,Representatif de la population française de 18 et plus,Bonne opinion de la personnalité
Carole Delga,,False,nan,6,excellente opinion,bonne opinion,mauvaise opinion,très mauvaise opinion,ne la connaît pas suffisamment,ne se prononce pas,nan,1,18,11,3,55,12,0,20211208_1209_ifp,IFOP,"Paris Match, Sud Radio",2021-12-08,2021-12-09,1004,Representatif de la population française de 18 et plus,Bonne opinion de la personnalité
Bruno Retailleau,,False,nan,6,excellente opinion,bonne opinion,mauvaise opinion,très mauvaise opinion,ne la connaît pas suffisamment,ne se prononce pas,nan,3,16,20,4,45,12,0,20211208_1209_ifp,IFOP,"Paris Match, Sud Radio",2021-12-08,2021-12-09,1004,Representatif de la population française de 18 et plus,Bonne opinion de la personnalité
Edouard Philippe,,False,nan,6,excellente opinion,bonne opinion,mauvaise opinion,très mauvaise opinion,ne la connaît pas suffisamment,ne se prononce pas,nan,13,48,24,10,4,1,0,20220112_0113_ifp,IFOP,"Paris Match, Sud Radio",2022-01-12,2022-01-13,1009,Representatif de la population française de 18 et plus,Bonne opinion de la personnalité
Roselyne Bachelot,,False,nan,6,excellente opinion,bonne opinion,mauvaise opinion,très mauvaise opinion,ne la connaît pas suffisamment,ne se prononce pas,nan,7,46,27,10,8,2,0,20220112_0113_ifp,IFOP,"Paris Match, Sud Radio",2022-01-12,2022-01-13,1009,Representatif de la population française de 18 et plus,Bonne opinion de la personnalité
Nicolas Sarkozy,,False,nan,6,excellente opinion,bonne opinion,mauvaise opinion,très mauvaise opinion,ne la connaît pas suffisamment,ne se prononce pas,nan,10,40,28,19,3,0,0,20220112_0113_ifp,IFOP,"Paris Match, Sud Radio",2022-01-12,2022-01-13,1009,Representatif de la population française de 18 et plus,Bonne opinion de la personnalité
Bruno Le Maire,,False,nan,6,excellente opinion,bonne opinion,mauvaise opinion,très mauvaise opinion,ne la connaît pas suffisamment,ne se prononce pas,nan,3,40,33,5,15,4,0,20220112_0113_ifp,IFOP,"Paris Match, Sud Radio",2022-01-12,2022-01-13,1009,Representatif de la population française de 18 et plus,Bonne opinion de la personnalité
Jean Castex,,False,nan,6,excellente opinion,bonne opinion,mauvaise opinion,très mauvaise opinion,ne la connaît pas suffisamment,ne se prononce pas,nan,5,36,36,17,5,1,0,20220112_0113_ifp,IFOP,"Paris Match, Sud Radio",2022-01-12,2022-01-13,1009,Representatif de la population française de 18 et plus,Bonne opinion de la personnalité
Jean-Yves Le Drian,,False,nan,6,excellente opinion,bonne opinion,mauvaise opinion,très mauvaise opinion,ne la connaît pas suffisamment,ne se prononce pas,nan,6,35,25,4,25,5,0,20220112_0113_ifp,IFOP,"Paris Match, Sud Radio",2022-01-12,2022-01-13,1009,Representatif de la population française de 18 et plus,Bonne opinion de la personnalité
Martine Aubry,,False,nan,6,excellente opinion,bonne opinion,mauvaise opinion,très mauvaise opinion,ne la connaît pas suffisamment,ne se prononce pas,nan,2,44,33,10,10,1,0,20220112_0113_ifp,IFOP,"Paris Match, Sud Radio",2022-01-12,2022-01-13,1009,Representatif de la population française de 18 et plus,Bonne opinion de la personnalité
François Hollande,,False,nan,6,excellente opinion,bonne opinion,mauvaise opinion,très mauvaise opinion,ne la connaît pas suffisamment,ne se prononce pas,nan,4,42,37,16,1,0,0,20220112_0113_ifp,IFOP,"Paris Match, Sud Radio",2022-01-12,2022-01-13,1009,Representatif de la population française de 18 et plus,Bonne opinion de la personnalité
Valérie Pécresse,Les Républicains,True,nan,6,excellente opinion,bonne opinion,mauvaise opinion,très mauvaise opinion,ne la connaît pas suffisamment,ne se prononce pas,nan,6,34,31,14,13,2,0,20220112_0113_ifp,IFOP,"Paris Match, Sud Radio",2022-01-12,2022-01-13,1009,Representatif de la population française de 18 et plus,Bonne opinion de la personnalité
Xavier Bertrand,Les Républicains,True,2021-12-04,6,excellente opinion,bonne opinion,mauvaise opinion,très mauvaise opinion,ne la connaît pas suffisamment,ne se prononce pas,nan,2,36,36,8,15,3,0,20220112_0113_ifp,IFOP,"Paris Match, Sud Radio",2022-01-12,2022-01-13,1009,Representatif de la population française de 18 et plus,Bonne opinion de la personnalité
Emmanuel Macron,,True,nan,6,excellente opinion,bonne opinion,mauvaise opinion,très mauvaise opinion,ne la connaît pas suffisamment,ne se prononce pas,nan,9,36,27,26,1,1,0,20220112_0113_ifp,IFOP,"Paris Match, Sud Radio",2022-01-12,2022-01-13,1009,Representatif de la population française de 18 et plus,Bonne opinion de la personnalité
Olivier Véran,,False,nan,6,excellente opinion,bonne opinion,mauvaise opinion,très mauvaise opinion,ne la connaît pas suffisamment,ne se prononce pas,nan,5,38,33,12,11,1,0,20220112_0113_ifp,IFOP,"Paris Match, Sud Radio",2022-01-12,2022-01-13,1009,Representatif de la population française de 18 et plus,Bonne opinion de la personnalité
Michel Barnier,Les Républicains,True,2021-12-04,6,excellente opinion,bonne opinion,mauvaise opinion,très mauvaise opinion,ne la connaît pas suffisamment,ne se prononce pas,nan,2,39,20,5,28,6,0,20220112_0113_ifp,IFOP,"Paris Match, Sud Radio",2022-01-12,2022-01-13,1009,Representatif de la population française de 18 et plus,Bonne opinion de la personnalité
Ségolène Royal,,False,nan,6,excellente opinion,bonne opinion,mauvaise opinion,très mauvaise opinion,ne la connaît pas suffisamment,ne se prononce pas,nan,2,33,41,14,9,1,0,20220112_0113_ifp,IFOP,"Paris Match, Sud Radio",2022-01-12,2022-01-13,1009,Representatif de la population française de 18 et plus,Bonne opinion de la personnalité
Géral Darmanin,,False,nan,6,excellente opinion,bonne opinion,mauvaise opinion,très mauvaise opinion,ne la connaît pas suffisamment,ne se prononce pas,nan,2,35,35,13,13,2,0,20220112_0113_ifp,IFOP,"Paris Match, Sud Radio",2022-01-12,2022-01-13,1009,Representatif de la population française de 18 et plus,Bonne opinion de la personnalité
Rachida Dati,,False,nan,6,excellente opinion,bonne opinion,mauvaise opinion,très mauvaise opinion,ne la connaît pas suffisamment,ne se prononce pas,nan,6,32,36,14,11,1,0,20220112_0113_ifp,IFOP,"Paris Match, Sud Radio",2022-01-12,2022-01-13,1009,Representatif de la population française de 18 et plus,Bonne opinion de la personnalité
François Bayrou,,False,nan,6,excellente opinion,bonne opinion,mauvaise opinion,très mauvaise opinion,ne la connaît pas suffisamment,ne se prononce pas,nan,3,36,33,12,15,1,0,20220112_0113_ifp,IFOP,"Paris Match, Sud Radio",2022-01-12,2022-01-13,1009,Representatif de la population française de 18 et plus,Bonne opinion de la personnalité
Laurent Wauquiez,Les Républicains,False,nan,6,excellente opinion,bonne opinion,mauvaise opinion,très mauvaise opinion,ne la connaît pas suffisamment,ne se prononce pas,nan,3,30,35,11,18,3,0,20220112_0113_ifp,IFOP,"Paris Match, Sud Radio",2022-01-12,2022-01-13,1009,Representatif de la population française de 18 et plus,Bonne opinion de la personnalité
Gabriel Attal,,False,nan,6,excellente opinion,bonne opinion,mauvaise opinion,très mauvaise opinion,ne la connaît pas suffisamment,ne se prononce pas,nan,3,35,27,10,22,3,0,20220112_0113_ifp,IFOP,"Paris Match, Sud Radio",2022-01-12,2022-01-13,1009,Representatif de la population française de 18 et plus,Bonne opinion de la personnalité
Yannick Jadot,EE-LV,True,nan,6,excellente opinion,bonne opinion,mauvaise opinion,très mauvaise opinion,ne la connaît pas suffisamment,ne se prononce pas,nan,3,32,30,9,22,4,0,20220112_0113_ifp,IFOP,"Paris Match, Sud Radio",2022-01-12,2022-01-13,1009,Representatif de la population française de 18 et plus,Bonne opinion de la personnalité
Jean-Michel Blanquer,,False,nan,6,excellente opinion,bonne opinion,mauvaise opinion,très mauvaise opinion,ne la connaît pas suffisamment,ne se prononce pas,nan,2,31,33,14,17,3,0,20220112_0113_ifp,IFOP,"Paris Match, Sud Radio",2022-01-12,2022-01-13,1009,Representatif de la population française de 18 et plus,Bonne opinion de la personnalité
Jean-Luc Mélenchon,France insoumise,True,nan,6,excellente opinion,bonne opinion,mauvaise opinion,très mauvaise opinion,ne la connaît pas suffisamment,ne se prononce pas,nan,8,31,35,23,3,0,0,20220112_0113_ifp,IFOP,"Paris Match, Sud Radio",2022-01-12,2022-01-13,1009,Representatif de la population française de 18 et plus,Bonne opinion de la personnalité
Marine Le Pen,Rassemblement national,True,nan,6,excellente opinion,bonne opinion,mauvaise opinion,très mauvaise opinion,ne la connaît pas suffisamment,ne se prononce pas,nan,9,31,28,29,3,0,0,20220112_0113_ifp,IFOP,"Paris Match, Sud Radio",2022-01-12,2022-01-13,1009,Representatif de la population française de 18 et plus,Bonne opinion de la personnalité
Eric Dupont-Moretti,,False,nan,6,excellente opinion,bonne opinion,mauvaise opinion,très mauvaise opinion,ne la connaît pas suffisamment,ne se prononce pas,nan,4,30,28,16,18,4,0,20220112_0113_ifp,IFOP,"Paris Match, Sud Radio",2022-01-12,2022-01-13,1009,Representatif de la population française de 18 et plus,Bonne opinion de la personnalité
Marlène Schiappa,,False,nan,6,excellente opinion,bonne opinion,mauvaise opinion,très mauvaise opinion,ne la connaît pas suffisamment,ne se prononce pas,nan,4,29,32,13,20,2,0,20220112_0113_ifp,IFOP,"Paris Match, Sud Radio",2022-01-12,2022-01-13,1009,Representatif de la population française de 18 et plus,Bonne opinion de la personnalité
Eric Zemmour,,True,nan,6,excellente opinion,bonne opinion,mauvaise opinion,très mauvaise opinion,ne la connaît pas suffisamment,ne se prononce pas,nan,9,18,22,44,5,2,0,20220112_0113_ifp,IFOP,"Paris Match, Sud Radio",2022-01-12,2022-01-13,1009,Representatif de la population française de 18 et plus,Bonne opinion de la personnalité
Fabien Roussel,Parti communiste,True,nan,6,excellente opinion,bonne opinion,mauvaise opinion,très mauvaise opinion,ne la connaît pas suffisamment,ne se prononce pas,nan,5,20,18,3,43,11,0,20220112_0113_ifp,IFOP,"Paris Match, Sud Radio",2022-01-12,2022-01-13,1009,Representatif de la population française de 18 et plus,Bonne opinion de la personnalité
Nicolas Dupont-Aignan,Debout la France,True,nan,6,excellente opinion,bonne opinion,mauvaise opinion,très mauvaise opinion,ne la connaît pas suffisamment,ne se prononce pas,nan,3,24,32,20,19,2,0,20220112_0113_ifp,IFOP,"Paris Match, Sud Radio",2022-01-12,2022-01-13,1009,Representatif de la population française de 18 et plus,Bonne opinion de la personnalité
Eric Ciotti,,True,2021-12-04,6,excellente opinion,bonne opinion,mauvaise opinion,très mauvaise opinion,ne la connaît pas suffisamment,ne se prononce pas,nan,6,24,28,12,27,3,0,20220112_0113_ifp,IFOP,"Paris Match, Sud Radio",2022-01-12,2022-01-13,1009,Representatif de la population française de 18 et plus,Bonne opinion de la personnalité
Anne Hidalgo,,True,nan,6,excellente opinion,bonne opinion,mauvaise opinion,très mauvaise opinion,ne la connaît pas suffisamment,ne se prononce pas,nan,2,32,41,18,6,1,0,20220112_0113_ifp,IFOP,"Paris Match, Sud Radio",2022-01-12,2022-01-13,1009,Representatif de la population française de 18 et plus,Bonne opinion de la personnalité
Christiane Taubira,Walwari,True,nan,6,excellente opinion,bonne opinion,mauvaise opinion,très mauvaise opinion,ne la connaît pas suffisamment,ne se prononce pas,nan,11,26,31,19,11,2,0,20220112_0113_ifp,IFOP,"Paris Match, Sud Radio",2022-01-12,2022-01-13,1009,Representatif de la population française de 18 et plus,Bonne opinion de la personnalité
